-- MySQL dump 10.13  Distrib 8.0.25, for Linux (x86_64)
--
-- Host: localhost    Database: vk
-- ------------------------------------------------------
-- Server version	8.0.25-0ubuntu0.20.04.1

/*!40101 SET @OLD_CHARACTER_SET_CLIENT=@@CHARACTER_SET_CLIENT */;
/*!40101 SET @OLD_CHARACTER_SET_RESULTS=@@CHARACTER_SET_RESULTS */;
/*!40101 SET @OLD_COLLATION_CONNECTION=@@COLLATION_CONNECTION */;
/*!50503 SET NAMES utf8mb4 */;
/*!40103 SET @OLD_TIME_ZONE=@@TIME_ZONE */;
/*!40103 SET TIME_ZONE='+00:00' */;
/*!40014 SET @OLD_UNIQUE_CHECKS=@@UNIQUE_CHECKS, UNIQUE_CHECKS=0 */;
/*!40014 SET @OLD_FOREIGN_KEY_CHECKS=@@FOREIGN_KEY_CHECKS, FOREIGN_KEY_CHECKS=0 */;
/*!40101 SET @OLD_SQL_MODE=@@SQL_MODE, SQL_MODE='NO_AUTO_VALUE_ON_ZERO' */;
/*!40111 SET @OLD_SQL_NOTES=@@SQL_NOTES, SQL_NOTES=0 */;

--
-- Table structure for table `communities`
--

DROP TABLE IF EXISTS `communities`;
/*!40101 SET @saved_cs_client     = @@character_set_client */;
/*!50503 SET character_set_client = utf8mb4 */;
CREATE TABLE `communities` (
  `id` bigint unsigned NOT NULL AUTO_INCREMENT,
  `name` varchar(145) CHARACTER SET utf8mb4 COLLATE utf8mb4_unicode_ci NOT NULL,
  `description` varchar(245) CHARACTER SET utf8mb4 COLLATE utf8mb4_unicode_ci DEFAULT NULL,
  PRIMARY KEY (`id`),
  KEY `communities_name_idx` (`name`)
) ENGINE=InnoDB AUTO_INCREMENT=101 DEFAULT CHARSET=utf8mb4 COLLATE=utf8mb4_unicode_ci;
/*!40101 SET character_set_client = @saved_cs_client */;

--
-- Dumping data for table `communities`
--

LOCK TABLES `communities` WRITE;
/*!40000 ALTER TABLE `communities` DISABLE KEYS */;
INSERT INTO `communities` VALUES (1,'dolor','Qui officiis in magni rem. Alias est nulla cupiditate id. Provident et quibusdam aliquam distinctio est dolore dolor. Quae velit corporis qui ea.'),(2,'ut','Saepe atque quia sit. Tempora ea id nemo ut. Qui ullam error harum officia incidunt est nam asperiores. Magni voluptas at inventore rerum omnis veritatis.'),(3,'possimus','Sed est quia blanditiis. Mollitia nihil veritatis hic dolor delectus voluptas consequatur dolor. Sed non eos consequatur et earum. Provident fugiat quas libero sunt deserunt.'),(4,'laborum','Tenetur sequi dignissimos a quae aut nemo id. Ut doloribus minus a deleniti quia dicta aut. Vel omnis aut eum nulla quo asperiores. Consequuntur aperiam dolores omnis mollitia consequatur consequatur tenetur.'),(5,'repudiandae','Soluta dolores consequatur et sint tenetur. Molestiae et velit veniam facilis eligendi est. Veniam asperiores maiores cum molestias possimus et et. Odit incidunt qui earum quod aliquam qui delectus.'),(6,'ipsa','Ad molestiae est nobis et nihil deleniti. Ipsa eaque quia rerum et quasi. Veritatis ipsa odio et est temporibus id.'),(7,'veritatis','Id qui voluptatum qui omnis. In cumque aspernatur facilis adipisci debitis laborum in blanditiis. Et nihil quo beatae ipsam iste qui autem. Quod ducimus quos quos cumque et.'),(8,'et','Iste accusamus deserunt nam sit porro nostrum est. Architecto optio blanditiis blanditiis deleniti vel consequatur nihil. Et voluptas qui maxime quam.'),(9,'laborum','Et expedita incidunt magni corrupti numquam earum laborum. Distinctio sint qui expedita eum dolorem enim nihil est. Mollitia molestiae consequatur nam laboriosam corrupti quia optio. Ut corrupti eum sunt est.'),(10,'aut','Dolorum sit et repellendus ipsa minima quia. Atque fugit voluptatem odit excepturi. Nostrum eius animi sit eum dolorum tempora. Voluptas repellat sunt dolor inventore at. Saepe fuga unde quia omnis qui autem animi.'),(11,'iste','Aperiam autem ut hic quisquam quis earum. Consequatur et laudantium vel nam.'),(12,'saepe','Nihil porro non debitis voluptatem. Earum facere ex inventore esse expedita. Nisi impedit dolores vero amet. Est excepturi voluptatum enim dolorem sunt sit.'),(13,'amet','Nisi consequatur et incidunt nihil magni non voluptatem. Eius et aliquam autem in sint aut quisquam. Enim eius ipsam rerum culpa dolores rerum. Reiciendis doloribus eaque sint laborum.'),(14,'iure','Magni ea magnam molestias impedit quod ea et totam. Qui occaecati aliquam et nihil. Quam nemo quia fugiat et.'),(15,'sed','Quia est dolore temporibus. At qui at enim ducimus placeat. Porro dolor ut incidunt minima ducimus rerum eum.'),(16,'rerum','Id rerum aut dolorem nam necessitatibus necessitatibus. Nostrum natus debitis esse tenetur. Exercitationem quas magni ut voluptates consequatur consequatur.'),(17,'dolorem','Reiciendis dolorem quas asperiores vel quia voluptatem. Aspernatur nisi quia odit blanditiis eum. Doloribus maxime rerum quis accusamus quis ut.'),(18,'magnam','Voluptatem porro architecto qui sed dignissimos sint dolore. Exercitationem in non sint asperiores qui molestiae. Repudiandae ad aut eum aliquid.'),(19,'mollitia','Qui qui dicta amet. Voluptas quaerat beatae aspernatur expedita voluptas molestiae molestias. Quo et rerum et.'),(20,'cupiditate','Omnis quo eius expedita quia vero voluptate temporibus. Sit doloremque ut voluptate enim modi ratione id quaerat. Dolores dolore et et quia repudiandae. Eum maxime aut quisquam numquam eaque ut. Labore modi velit sed sit modi quasi velit.'),(21,'rem','Esse non dignissimos ipsum voluptatem officiis similique consequatur. Maiores commodi assumenda sequi eum est saepe. Omnis ut consequatur suscipit repellendus.'),(22,'expedita','Quis eveniet praesentium optio ipsum et. Voluptas aliquam ipsa rem qui quisquam minus sunt inventore. Libero laboriosam cupiditate suscipit blanditiis.'),(23,'sequi','Dicta voluptatem aut hic provident ipsam. Odio atque esse nesciunt ut est. Enim autem natus ex eius eligendi. Ut occaecati qui facere harum.'),(24,'laborum','Animi esse consequuntur ea ullam ex. Deserunt quo facere itaque voluptatem recusandae voluptatem quasi. Et qui molestiae reprehenderit accusantium aliquam animi.'),(25,'et','Sint necessitatibus reiciendis doloribus ab voluptas quaerat. Quae amet atque nihil unde voluptatibus adipisci natus quis. Dolores omnis molestiae voluptatem fugit.'),(26,'ut','Et exercitationem quam vitae quasi in commodi ratione. Quibusdam voluptas laudantium ut sint qui.'),(27,'quod','Culpa optio aut hic eveniet. Dignissimos minima quia aut nihil fugit aut qui. Consequatur similique sint eos magni autem totam quos. Non illo hic soluta omnis.'),(28,'explicabo','Itaque ut delectus sequi. Nisi est ut sunt necessitatibus ut enim ex. Et aut cupiditate impedit.'),(29,'praesentium','Quidem sit et quasi libero voluptatem eos. Id ut quaerat inventore. Minima deserunt unde iste ipsam facilis laudantium cupiditate. Cupiditate aut rerum ut eveniet voluptatum sed.'),(30,'ut','Eligendi quos aut sed maxime earum sint dolores. Architecto aut voluptatem commodi officiis. Cum voluptatem et saepe. Adipisci possimus deleniti alias enim officiis consequatur et.'),(31,'nam','Eius consequatur sunt quis placeat dolor molestias. Asperiores quia non eum eveniet quod quaerat assumenda id. Quae exercitationem quidem eveniet nobis deleniti quis provident earum.'),(32,'autem','Sed voluptatem a reiciendis eos aliquid ut. Aut veritatis at ea libero et unde quibusdam. Eius odio consequatur nesciunt perferendis. Aperiam exercitationem eum aut quidem.'),(33,'dicta','Temporibus omnis et incidunt quis facere tenetur. Blanditiis a quia eaque minus aperiam voluptas aspernatur. Aut omnis aperiam exercitationem inventore. Ipsum sed excepturi qui quod tempora. Aut et dolorem consectetur sunt.'),(34,'saepe','Voluptate ut repudiandae ut molestias consectetur libero. Distinctio ex ut officia reprehenderit beatae deserunt. Officiis repellat itaque ullam cumque cupiditate harum iure ut. Iure sint impedit vel voluptas reiciendis debitis.'),(35,'labore','Laboriosam et accusamus ut et aut dolores. Odit est quo commodi esse atque sed. Vel et quisquam sed nobis quo adipisci exercitationem. Laboriosam porro quis quo sequi est officia.'),(36,'qui','Et odit natus aut esse. Adipisci accusantium eligendi impedit deserunt nisi corrupti magnam corporis. Aut autem aperiam ex inventore minus facilis. Ducimus enim quaerat quia quia.'),(37,'voluptatem','Et ut omnis dolores totam deserunt. Molestias perspiciatis totam quis assumenda quis est iure. Ut esse ratione voluptate. Quaerat cum autem sit magnam architecto iste dolorem dolores.'),(38,'vero','Veritatis ut dolores aut ipsa. Facere id similique fugiat ex fuga quam. Accusamus veritatis autem rerum ut aut et voluptate asperiores. Quo repudiandae ratione molestiae similique totam.'),(39,'libero','Necessitatibus accusamus dolorem sit atque occaecati. Quia repellat eveniet ut quibusdam. Nostrum numquam distinctio aut non iste qui nesciunt et. Quam quia tempore sequi provident. Praesentium fuga impedit laudantium ut explicabo.'),(40,'porro','Dolore cum est rerum cumque laboriosam. Iste minus sequi adipisci excepturi sint. Maxime aut odio veritatis provident ut veritatis facere. Ut non dolorem aperiam magni placeat aut consectetur.'),(41,'repudiandae','Vitae aut ducimus nihil quae exercitationem ut. Quidem enim deleniti illum nostrum praesentium pariatur. Vel sint est quo quia modi ut consequatur.'),(42,'porro','Est aut exercitationem vel repudiandae aut hic. Dolores perferendis voluptas ex ut et odio neque deleniti. Eum nisi autem voluptates animi et ut ut. Quia voluptatem unde enim maiores ab.'),(43,'velit','Et maxime pariatur quidem odit sapiente et voluptates. Facere molestias hic quia. Occaecati et ab et est voluptatibus.'),(44,'repellendus','Eaque impedit dolores illum aut ipsum. Repellat laudantium ut ut praesentium nulla officiis. Id at nisi animi earum et neque. Veritatis doloremque et qui eum eum.'),(45,'vel','Qui exercitationem aspernatur et est impedit voluptas fugiat. Et esse rerum repudiandae eveniet non. Odit commodi numquam doloremque ducimus qui reprehenderit et.'),(46,'quod','Corporis eos voluptas enim sed laudantium corporis vel. Quos praesentium deserunt et asperiores aut. Dignissimos provident labore nihil atque autem architecto doloremque.'),(47,'et','Ab consequatur labore dolorum iste et ut odit. Fugit magnam sapiente debitis sit praesentium. Dicta autem voluptatem libero sed eligendi quia reiciendis.'),(48,'aut','Cupiditate nihil tenetur est ullam odit tempore alias. Quia esse aliquam quidem sed error architecto. Iste tempore expedita rerum pariatur. Id recusandae reiciendis inventore provident vel.'),(49,'et','Perferendis dolor et ut non velit eaque. Vel rerum similique impedit voluptatum velit facere nostrum. Aut dolor quia facilis.'),(50,'id','Assumenda est omnis blanditiis qui ut. Possimus aut aut natus in suscipit illum. Beatae reiciendis voluptatem quo quaerat laboriosam impedit voluptatem.'),(51,'quibusdam','Illum vel placeat enim sequi. Ducimus nulla dignissimos nihil. Sed repudiandae similique sed voluptatem voluptas veritatis eum. Possimus aut et voluptatum vel nesciunt.'),(52,'sequi','Ex natus adipisci voluptas et in odio. Culpa aut aut eum sapiente deleniti quos. Doloribus fugit maiores aliquid.'),(53,'dolores','Quia sint praesentium ut reprehenderit velit non quod. Molestias quae molestiae quod quia quo fugit. Voluptas quos et ut adipisci quod ipsam. Cum ad hic velit quos omnis ea. Deleniti consequatur magni error aperiam cupiditate magnam sunt.'),(54,'excepturi','Corporis reprehenderit nulla in minus. Enim fuga in sint molestiae aliquid. Qui animi maiores iusto rerum minima possimus. Cupiditate consequatur optio numquam impedit quia et consectetur error.'),(55,'maiores','Eveniet quis deleniti quia corporis ipsam pariatur. Atque architecto veniam debitis voluptas enim eos. Quos officia consequatur vel deleniti. Dignissimos animi tempora ut et ut exercitationem velit.'),(56,'itaque','Quaerat repellendus voluptatem dignissimos velit voluptatem qui nulla. Asperiores quod corporis reiciendis qui. Eum sint tempore aliquam explicabo.'),(57,'et','Earum iusto quis autem voluptatibus. Molestiae accusantium explicabo nobis dolorum. Culpa dolores eius sed possimus sed.'),(58,'quasi','Iure est quia explicabo sit architecto et laudantium. Et ad voluptatem numquam. Et voluptate est suscipit quidem. Dolorum porro delectus dolores velit.'),(59,'veritatis','Quos qui itaque eaque. Rerum ullam et soluta eos eveniet. Nesciunt sed maxime esse tempora ea. Et temporibus molestiae deleniti dolorem occaecati autem et.'),(60,'quia','Qui qui omnis veniam iure sapiente. Repellat quos ut reprehenderit optio. Deserunt laudantium ipsum dolores eum incidunt quia cumque nemo. Doloribus incidunt rerum neque rerum.'),(61,'sint','Dolorum animi qui dolorum. Recusandae quasi odio odio omnis earum. Aut minus quia architecto reiciendis illum alias quia. Consequatur tempora officia non ipsam.'),(62,'velit','Et vel beatae expedita rem adipisci. Facere reiciendis corrupti delectus ipsa ut at.'),(63,'sed','Aliquam doloribus sed maxime quo fugit. Perferendis beatae ipsam hic asperiores. Id ut voluptatem veniam quia et dolore rerum fugiat.'),(64,'rerum','Aspernatur qui vel ratione vitae quo nihil sapiente. Nemo reiciendis at doloremque quia et molestias quia. Libero voluptatem reiciendis earum ipsa ratione sint totam provident.'),(65,'cupiditate','Dolore doloribus ullam magni quod ut. Et eveniet assumenda omnis est. Ut quidem dolores tempore omnis quae. Aliquid autem et rem cum saepe consequatur.'),(66,'commodi','Repudiandae ex ea neque possimus aliquam ab magnam. Illum molestias repellendus et consequatur aut. Molestiae quasi libero animi occaecati optio molestias explicabo. Veniam sit harum modi laboriosam sit adipisci.'),(67,'voluptate','Enim velit maiores quam eos recusandae. Doloremque at qui sit omnis. Ut consequatur sed maxime iusto quis. Quaerat sint soluta dolores iure quas commodi ut.'),(68,'velit','A doloremque quaerat accusantium facere earum. Aut dolorem officiis ut fugit veritatis ut voluptatem. Sint eos ut quam omnis. Omnis dignissimos accusantium dolores fugit consequatur.'),(69,'nulla','Eius officiis facilis corrupti est quas. Voluptatem nam et reprehenderit est harum eius. Dolorem voluptatem rerum sequi aliquid. Sunt magni est natus fuga quia aut. Reprehenderit quas enim provident aut omnis voluptates dolores.'),(70,'et','Ducimus itaque provident quasi veniam cum exercitationem. Mollitia minus vel dignissimos expedita nemo. Est ea ut nobis provident a et. Blanditiis est et deleniti quae aut maxime maxime corrupti.'),(71,'excepturi','Id porro aperiam optio earum aut nihil. Dolor officia sint unde. Qui atque dolores magni.'),(72,'repellendus','Voluptas quia sequi dolorem ea. Dolor aliquid ut deleniti minus quia iste ut. Vel in assumenda pariatur quisquam. Magni praesentium culpa quod illum.'),(73,'maxime','Voluptas et dolor totam voluptas rem harum autem. Esse quis fugit sit odit sint sit. Ea ea reprehenderit consequuntur.'),(74,'quam','Qui id consequatur expedita illo architecto. Voluptatibus nihil ipsam illum debitis nostrum iure. Laudantium temporibus deleniti qui.'),(75,'cupiditate','Autem voluptas accusamus ipsam ad aperiam quod. Qui dicta animi quaerat vitae et eveniet neque. Repellendus dolores sed voluptatem explicabo laborum. Rerum vel eius recusandae ea molestiae eveniet.'),(76,'et','Quaerat itaque id voluptas qui perspiciatis provident. Nam nisi molestiae voluptas sequi est quis qui. Molestiae ipsam qui ut harum.'),(77,'omnis','Nostrum reprehenderit debitis quaerat sed tenetur. Cum incidunt et ipsam.'),(78,'quia','Dicta omnis adipisci commodi doloribus cupiditate esse optio aut. Ut alias voluptas numquam aliquam delectus et eligendi facilis. Ea nam et architecto ullam dolores dolorem id sit. Est officia et adipisci placeat.'),(79,'voluptatibus','Dignissimos ullam autem et repellendus. Non consequuntur qui aperiam ducimus deserunt qui ut nam. Non aut at pariatur occaecati eligendi.'),(80,'iusto','Soluta voluptatum sit tempora non tempora. Dolor est quis tempore iure exercitationem odio eos. Voluptas libero sed quidem commodi atque natus fuga.'),(81,'ut','Voluptatem odit et ut provident. Voluptatem sint qui ut qui cupiditate. Accusamus soluta impedit aspernatur sed occaecati. Distinctio ut qui nulla quae cupiditate.'),(82,'sint','Sit voluptate dolore enim a. Molestias excepturi eius voluptatem officia. Necessitatibus iste vitae consequatur architecto cum quos architecto. Cum deserunt animi laudantium. Eos omnis eveniet hic.'),(83,'iste','Ipsum accusamus alias commodi qui consectetur fugit. Cumque et dolores aut a. Amet ullam deleniti et vitae ipsam.'),(84,'sit','Delectus accusamus deleniti et laudantium est asperiores cumque. Optio deleniti perferendis impedit reprehenderit aperiam adipisci. Suscipit perferendis ut earum autem amet. Vitae consequatur voluptates tenetur expedita.'),(85,'omnis','Saepe ut assumenda quos soluta ut. Culpa et ut facilis repellat hic ut et. Quo quos quia veritatis assumenda error. Qui voluptas iste distinctio illo sequi.'),(86,'quod','Rerum est fugit eius. Quaerat velit delectus cupiditate. Dolorum et eaque corrupti non.'),(87,'sed','Similique facilis quo libero ipsum debitis laboriosam reprehenderit omnis. Quas ut non dicta qui veniam optio ipsam reprehenderit.'),(88,'ut','Quis suscipit dolorum officiis itaque deserunt. Maiores sunt est laudantium. Recusandae quidem soluta fugiat vero enim magnam. Autem aliquid nisi tempora ex aut sint aut. Asperiores non autem quae omnis dolorum incidunt non.'),(89,'accusantium','Quas officia optio saepe tenetur sed. Temporibus quod molestias doloremque omnis. Neque iste cum distinctio quia. Quod voluptatem aliquam sit a et et.'),(90,'doloribus','Laudantium neque nesciunt quidem molestiae id minus quam. Consequatur ipsa quae vitae expedita. Molestiae itaque omnis molestiae qui sit corrupti minus quibusdam. Officiis id voluptas laboriosam minima odit ipsum.'),(91,'eos','Eos cupiditate impedit necessitatibus est blanditiis voluptatem voluptas officia. Reiciendis pariatur iusto repellat iste minima distinctio doloribus. Sint ullam recusandae modi cum sed qui cupiditate nobis.'),(92,'voluptatem','Commodi eos officia deleniti eveniet. Perspiciatis nostrum mollitia minus. Porro hic esse et aut. Facere et hic eos totam nisi sunt.'),(93,'eos','Laborum minima reiciendis aut nulla et molestias. Repudiandae ratione voluptas ut aliquid et. Provident impedit blanditiis sed sed quam et. Sed ut illo doloremque quia sit esse qui fugit.'),(94,'dolorem','Aut voluptatem accusamus quae quas eum excepturi fugiat. Odit voluptatem pariatur sint et cupiditate. Facilis error officiis quo totam.'),(95,'ex','In et nobis qui culpa reiciendis quis. Ad corporis ipsa dolores atque voluptates est. Blanditiis sit doloremque enim et et.'),(96,'cupiditate','Eveniet ut aut quo illo et. Aliquam omnis quos quo et. Non quia et quae dolorem culpa. Magni eum quasi quo voluptates aliquid tempora.'),(97,'repellat','Omnis vel dolorem magnam dolore. Velit ut eaque temporibus consectetur sequi deserunt magnam deserunt. Consequatur ipsum qui consequatur dignissimos aperiam rerum. Dicta qui et debitis dolor mollitia necessitatibus.'),(98,'quod','Assumenda voluptatum perspiciatis corrupti dolor officiis illum ducimus. Ullam quia voluptatem fugit adipisci similique ea. Mollitia dolorem consequatur dolorum minima.'),(99,'ut','Et dicta temporibus eveniet quam est iste. Perferendis non nesciunt in nisi facilis sed. Itaque modi laboriosam laboriosam ratione inventore. Dolorum vitae quia qui fugit fuga.'),(100,'natus','Et accusantium est incidunt commodi aliquid deserunt voluptas. A et repellat quaerat est fugiat officiis nisi.');
/*!40000 ALTER TABLE `communities` ENABLE KEYS */;
UNLOCK TABLES;

--
-- Table structure for table `communities_users`
--

DROP TABLE IF EXISTS `communities_users`;
/*!40101 SET @saved_cs_client     = @@character_set_client */;
/*!50503 SET character_set_client = utf8mb4 */;
CREATE TABLE `communities_users` (
  `community_id` bigint unsigned NOT NULL,
  `user_id` bigint unsigned NOT NULL,
  `created_at` datetime NOT NULL DEFAULT CURRENT_TIMESTAMP,
  PRIMARY KEY (`community_id`,`user_id`),
  KEY `communities_users_comm_idx` (`community_id`),
  KEY `communities_users_users_idx` (`user_id`),
  CONSTRAINT `communities_users_ibfk_1` FOREIGN KEY (`community_id`) REFERENCES `communities` (`id`) ON DELETE CASCADE ON UPDATE CASCADE,
  CONSTRAINT `communities_users_ibfk_2` FOREIGN KEY (`user_id`) REFERENCES `users` (`id`) ON DELETE CASCADE ON UPDATE CASCADE
) ENGINE=InnoDB DEFAULT CHARSET=utf8mb4 COLLATE=utf8mb4_unicode_ci;
/*!40101 SET character_set_client = @saved_cs_client */;

--
-- Dumping data for table `communities_users`
--

LOCK TABLES `communities_users` WRITE;
/*!40000 ALTER TABLE `communities_users` DISABLE KEYS */;
INSERT INTO `communities_users` VALUES (1,1,'1991-12-28 11:12:20'),(2,2,'1995-11-18 04:56:54'),(3,3,'1974-03-19 03:58:01'),(4,4,'1971-08-06 05:23:46'),(5,5,'1985-05-04 18:10:26'),(6,6,'2007-06-25 18:43:22'),(7,7,'2008-03-30 04:34:10'),(8,8,'1994-10-06 23:57:03'),(9,9,'1977-03-15 20:08:59'),(10,10,'1978-08-10 14:38:36'),(11,11,'2018-03-11 22:38:24'),(12,12,'2005-03-17 05:00:22'),(13,13,'1996-05-23 13:05:16'),(14,14,'2013-12-17 12:33:20'),(15,15,'2017-01-02 01:13:20'),(16,16,'2007-11-18 14:54:44'),(17,17,'2002-10-12 05:28:17'),(18,18,'2005-02-03 20:14:12'),(19,19,'1974-07-13 17:53:59'),(20,20,'2001-05-27 01:18:31'),(21,21,'2018-03-28 10:49:41'),(22,22,'2020-05-25 18:50:13'),(23,23,'1992-09-02 13:08:08'),(24,24,'1982-05-10 06:38:45'),(25,25,'1993-06-24 16:34:16'),(26,26,'2020-04-25 22:39:19'),(27,27,'2018-05-27 13:07:34'),(28,28,'2001-05-13 17:11:22'),(29,29,'1993-05-28 23:56:01'),(30,30,'1979-09-03 23:30:15'),(31,31,'1980-01-09 01:19:26'),(32,32,'1998-05-01 18:05:53'),(33,33,'1986-11-23 05:47:59'),(34,34,'1986-03-13 15:11:25'),(35,35,'2001-03-02 03:51:21'),(36,36,'1988-08-09 10:21:52'),(37,37,'2009-06-22 05:52:36'),(38,38,'2015-12-10 23:35:16'),(39,39,'2011-04-06 09:12:23'),(40,40,'1998-08-06 03:54:29'),(41,41,'2008-12-17 00:12:40'),(42,42,'1985-02-20 05:02:47'),(43,43,'2020-12-23 17:58:29'),(44,44,'1992-07-02 14:20:00'),(45,45,'1979-08-30 23:42:37'),(46,46,'2019-12-09 22:34:38'),(47,47,'1975-08-05 12:39:39'),(48,48,'2020-12-26 01:23:06'),(49,49,'2005-07-24 22:23:07'),(50,50,'1995-03-24 07:02:23'),(51,51,'2005-05-18 15:25:05'),(52,52,'1974-03-12 11:37:00'),(53,53,'1999-09-04 21:41:06'),(54,54,'1990-11-28 07:03:21'),(55,55,'1972-04-04 09:40:38'),(56,56,'2014-11-04 04:26:29'),(57,57,'2002-07-21 08:59:29'),(58,58,'1985-11-20 04:18:13'),(59,59,'1982-08-23 11:50:56'),(60,60,'1989-09-29 08:41:01'),(61,61,'1970-08-14 23:27:34'),(62,62,'2019-05-01 07:51:44'),(63,63,'1971-08-05 19:23:09'),(64,64,'2011-02-01 04:47:51'),(65,65,'2015-10-06 22:56:07'),(66,66,'1991-02-16 20:59:20'),(67,67,'1971-08-19 21:51:36'),(68,68,'2001-01-28 06:50:53'),(69,69,'1980-01-01 01:03:26'),(70,70,'2009-12-17 23:04:57'),(71,71,'1990-10-26 12:31:38'),(72,72,'2019-09-18 05:19:55'),(73,73,'2013-09-23 01:20:40'),(74,74,'1993-11-12 06:45:55'),(75,75,'1976-02-04 01:34:14'),(76,76,'2000-04-02 06:26:23'),(77,77,'1972-11-04 10:19:16'),(78,78,'2001-03-19 04:35:33'),(79,79,'1999-05-22 13:45:59'),(80,80,'1997-10-12 12:38:41'),(81,81,'1971-12-29 08:49:02'),(82,82,'2006-03-07 15:31:05'),(83,83,'1983-12-07 22:18:21'),(84,84,'2003-07-07 07:07:58'),(85,85,'2016-12-23 20:32:36'),(86,86,'1993-12-31 01:39:28'),(87,87,'1995-03-21 17:45:37'),(88,88,'1970-03-26 16:12:15'),(89,89,'2016-01-27 18:10:39'),(90,90,'2021-04-17 14:41:59'),(91,91,'1974-02-26 06:07:32'),(92,92,'2019-10-20 14:27:54'),(93,93,'2006-03-26 08:58:09'),(94,94,'1992-02-26 20:29:50'),(95,95,'2014-08-10 03:25:38'),(96,96,'2006-06-14 22:01:17'),(97,97,'2002-02-08 02:12:59'),(98,98,'1988-01-05 19:12:12'),(99,99,'1990-07-22 23:50:18'),(100,100,'1981-08-15 05:18:23');
/*!40000 ALTER TABLE `communities_users` ENABLE KEYS */;
UNLOCK TABLES;

--
-- Table structure for table `friend_requests`
--

DROP TABLE IF EXISTS `friend_requests`;
/*!40101 SET @saved_cs_client     = @@character_set_client */;
/*!50503 SET character_set_client = utf8mb4 */;
CREATE TABLE `friend_requests` (
  `from_user_id` bigint unsigned NOT NULL,
  `to_user_id` bigint unsigned NOT NULL,
  `accepted` tinyint(1) DEFAULT '0',
  PRIMARY KEY (`from_user_id`,`to_user_id`),
  KEY `fk_friend_requests_from_user_idx` (`from_user_id`),
  KEY `fk_friend_requests_to_user_idx` (`to_user_id`),
  CONSTRAINT `fk_friend_requests_users_1` FOREIGN KEY (`from_user_id`) REFERENCES `users` (`id`) ON DELETE CASCADE ON UPDATE CASCADE,
  CONSTRAINT `fk_friend_requests_users_2` FOREIGN KEY (`to_user_id`) REFERENCES `users` (`id`) ON DELETE CASCADE ON UPDATE CASCADE
) ENGINE=InnoDB DEFAULT CHARSET=utf8mb4 COLLATE=utf8mb4_0900_ai_ci;
/*!40101 SET character_set_client = @saved_cs_client */;

--
-- Dumping data for table `friend_requests`
--

LOCK TABLES `friend_requests` WRITE;
/*!40000 ALTER TABLE `friend_requests` DISABLE KEYS */;
INSERT INTO `friend_requests` VALUES (4,74,1),(6,63,1),(8,77,0),(8,81,1),(9,51,1),(11,58,1),(11,61,1),(14,27,1),(14,87,1),(15,10,1),(16,11,0),(16,68,0),(18,40,1),(18,45,0),(20,15,0),(20,62,1),(21,56,0),(22,50,0),(23,80,0),(26,1,1),(28,14,1),(28,47,1),(28,59,1),(29,79,0),(30,9,1),(30,36,1),(30,64,1),(31,75,0),(33,41,1),(34,9,1),(34,51,1),(35,40,0),(36,22,0),(36,26,1),(36,58,0),(38,33,0),(39,94,1),(40,22,0),(41,2,0),(41,8,0),(41,45,0),(42,41,1),(43,30,1),(45,5,0),(45,43,0),(46,30,1),(46,43,0),(46,55,0),(46,99,1),(47,98,1),(48,24,1),(48,79,1),(54,45,1),(56,85,0),(57,95,1),(59,61,0),(59,90,0),(59,96,0),(61,79,1),(63,79,0),(63,90,0),(64,68,1),(65,92,0),(68,12,1),(69,88,0),(69,100,0),(71,12,0),(71,60,0),(72,71,0),(74,19,0),(75,12,0),(75,18,0),(75,25,1),(77,37,0),(78,38,1),(78,41,0),(80,11,1),(80,65,1),(81,44,0),(81,48,1),(82,69,0),(83,55,1),(83,78,0),(83,83,0),(84,76,0),(85,14,0),(85,52,0),(86,6,0),(86,74,1),(89,93,0),(91,74,0),(92,7,0),(92,90,0),(94,50,0),(95,70,1),(96,93,0),(97,7,1),(97,89,1),(98,28,0);
/*!40000 ALTER TABLE `friend_requests` ENABLE KEYS */;
UNLOCK TABLES;

--
-- Table structure for table `media`
--

DROP TABLE IF EXISTS `media`;
/*!40101 SET @saved_cs_client     = @@character_set_client */;
/*!50503 SET character_set_client = utf8mb4 */;
CREATE TABLE `media` (
  `id` bigint unsigned NOT NULL AUTO_INCREMENT,
  `user_id` bigint unsigned NOT NULL,
  `media_types_id` int unsigned NOT NULL,
  `file_name` varchar(245) CHARACTER SET utf8mb4 COLLATE utf8mb4_unicode_ci DEFAULT NULL COMMENT '/files/folder/img.png',
  `file_size` bigint unsigned DEFAULT NULL,
  `created_at` datetime NOT NULL DEFAULT CURRENT_TIMESTAMP,
  PRIMARY KEY (`id`),
  KEY `media_users_idx` (`user_id`),
  KEY `media_media_types_idx` (`media_types_id`),
  CONSTRAINT `fk_media_media_types` FOREIGN KEY (`media_types_id`) REFERENCES `media_types` (`id`) ON DELETE CASCADE ON UPDATE CASCADE,
  CONSTRAINT `fk_media_users` FOREIGN KEY (`user_id`) REFERENCES `users` (`id`) ON DELETE CASCADE ON UPDATE CASCADE
) ENGINE=InnoDB AUTO_INCREMENT=101 DEFAULT CHARSET=utf8mb4 COLLATE=utf8mb4_unicode_ci;
/*!40101 SET character_set_client = @saved_cs_client */;

--
-- Dumping data for table `media`
--

LOCK TABLES `media` WRITE;
/*!40000 ALTER TABLE `media` DISABLE KEYS */;
INSERT INTO `media` VALUES (1,1,1,'in',8924,'1986-03-23 03:42:00'),(2,2,2,'debitis',0,'1988-03-15 19:54:14'),(3,3,3,'illo',6796112,'1977-06-10 04:30:13'),(4,4,4,'a',38,'2010-07-17 00:39:32'),(5,5,1,'placeat',106867,'1982-11-10 23:50:27'),(6,6,2,'a',0,'2009-02-15 11:24:43'),(7,7,3,'quas',79883012,'1981-05-20 05:44:51'),(8,8,4,'minus',0,'2000-08-09 22:53:54'),(9,9,1,'dolor',866,'2015-02-05 15:35:18'),(10,10,2,'aliquam',36838,'1971-01-14 00:47:13'),(11,11,3,'ex',13678,'1990-08-03 03:33:30'),(12,12,4,'ut',792817,'2006-04-09 19:09:06'),(13,13,1,'facere',2,'1974-03-12 05:32:36'),(14,14,2,'repellendus',6,'2011-10-21 12:10:19'),(15,15,3,'impedit',2803486,'2004-06-02 11:15:10'),(16,16,4,'sequi',25,'1998-12-17 10:21:21'),(17,17,1,'veritatis',19,'1999-06-03 06:16:55'),(18,18,2,'suscipit',613717,'2005-08-19 15:48:21'),(19,19,3,'autem',3,'2020-09-19 10:42:16'),(20,20,4,'sed',92,'2017-07-22 02:36:28'),(21,21,1,'libero',80066,'1985-08-27 07:08:48'),(22,22,2,'sunt',0,'2012-05-19 08:10:28'),(23,23,3,'distinctio',29806408,'2015-06-09 09:49:40'),(24,24,4,'ut',5821523,'1975-07-28 02:01:02'),(25,25,1,'libero',2,'1973-05-17 15:54:11'),(26,26,2,'repellendus',1680,'1970-10-11 01:28:08'),(27,27,3,'id',302870,'1982-07-15 05:55:13'),(28,28,4,'voluptatem',72705152,'1985-07-06 23:41:40'),(29,29,1,'dolor',4547503,'1977-07-30 09:04:20'),(30,30,2,'saepe',88308611,'2007-03-13 18:38:36'),(31,31,3,'et',25,'1979-12-04 11:01:40'),(32,32,4,'nemo',444913060,'2007-02-22 07:05:11'),(33,33,1,'totam',16887136,'2000-10-15 05:35:34'),(34,34,2,'ea',712226,'2016-11-05 06:15:57'),(35,35,3,'culpa',6245,'2006-01-16 11:09:35'),(36,36,4,'odit',0,'2021-02-21 04:42:05'),(37,37,1,'ut',42653123,'1983-05-16 17:11:44'),(38,38,2,'quos',25271338,'1985-01-29 22:03:39'),(39,39,3,'est',0,'1994-08-10 18:19:51'),(40,40,4,'sit',4,'1982-04-25 03:21:30'),(41,41,1,'saepe',34229,'2005-06-26 11:11:08'),(42,42,2,'cum',6,'2000-02-07 02:25:22'),(43,43,3,'repellat',4,'1981-12-27 01:43:55'),(44,44,4,'omnis',379,'1980-02-13 11:16:28'),(45,45,1,'asperiores',4,'2006-07-28 11:02:45'),(46,46,2,'expedita',456013,'1972-10-09 15:54:21'),(47,47,3,'commodi',7,'2006-11-07 11:48:52'),(48,48,4,'a',9,'1991-01-10 17:26:20'),(49,49,1,'molestiae',197853,'1974-02-17 01:55:34'),(50,50,2,'reprehenderit',0,'1971-09-12 11:53:58'),(51,51,3,'placeat',5,'1974-06-19 10:41:00'),(52,52,4,'libero',4247,'1980-09-10 05:52:54'),(53,53,1,'incidunt',704932923,'2008-06-04 12:01:49'),(54,54,2,'in',6155309,'1975-06-28 09:38:13'),(55,55,3,'iure',937,'2004-07-04 13:52:39'),(56,56,4,'eius',17,'2020-07-10 19:16:52'),(57,57,1,'consequatur',0,'2006-11-26 04:23:31'),(58,58,2,'sint',764499235,'1984-03-23 02:20:12'),(59,59,3,'officiis',15988124,'1994-07-16 10:42:20'),(60,60,4,'natus',386825993,'1970-07-06 11:46:49'),(61,61,1,'nobis',2,'1984-03-10 01:19:06'),(62,62,2,'omnis',713307283,'1982-02-22 13:14:19'),(63,63,3,'consequatur',5784986,'1986-08-08 21:32:43'),(64,64,4,'a',1502920,'2008-12-02 00:39:46'),(65,65,1,'qui',0,'1988-02-24 04:18:58'),(66,66,2,'ut',777645814,'1990-09-03 06:57:09'),(67,67,3,'aut',26137,'2020-06-18 07:32:17'),(68,68,4,'qui',63135219,'1999-05-08 04:16:15'),(69,69,1,'tempora',96,'2016-05-12 15:05:08'),(70,70,2,'animi',4406,'1986-03-16 19:38:06'),(71,71,3,'vel',41294,'1996-07-27 10:29:39'),(72,72,4,'aperiam',3571827,'1983-02-18 03:15:17'),(73,73,1,'esse',993207,'1992-04-01 18:16:27'),(74,74,2,'qui',2,'2005-10-23 19:26:28'),(75,75,3,'sed',38661006,'2007-03-12 15:10:42'),(76,76,4,'eveniet',169244346,'1989-09-15 20:45:43'),(77,77,1,'ipsa',6,'1980-12-08 21:03:27'),(78,78,2,'est',652103054,'2003-09-24 10:13:22'),(79,79,3,'nemo',454887,'1977-08-22 22:48:16'),(80,80,4,'repellat',6080899,'2004-12-06 08:56:46'),(81,81,1,'quibusdam',16638243,'2020-12-30 09:13:51'),(82,82,2,'delectus',6493,'1971-03-14 06:13:19'),(83,83,3,'earum',71,'1987-08-20 09:38:18'),(84,84,4,'dolor',1977,'1976-06-11 11:06:53'),(85,85,1,'dolorum',389409340,'2010-09-07 13:31:20'),(86,86,2,'incidunt',347,'1990-09-28 17:36:04'),(87,87,3,'nam',60390,'1993-10-30 21:02:44'),(88,88,4,'omnis',327371569,'1999-08-15 07:46:17'),(89,89,1,'aut',99756,'1970-03-29 19:57:02'),(90,90,2,'impedit',397,'1999-02-25 02:41:48'),(91,91,3,'molestias',0,'1995-03-25 23:53:42'),(92,92,4,'consequuntur',0,'1992-02-23 08:21:13'),(93,93,1,'quis',7838,'1997-06-13 01:21:06'),(94,94,2,'sapiente',71891565,'1992-08-11 16:58:44'),(95,95,3,'aspernatur',0,'1980-07-04 16:02:53'),(96,96,4,'porro',3,'1995-05-22 15:23:08'),(97,97,1,'sed',13290,'1978-08-30 11:01:26'),(98,98,2,'voluptatem',43,'2002-05-31 22:38:15'),(99,99,3,'et',32022075,'1972-04-04 06:37:25'),(100,100,4,'ea',4441913,'2012-02-13 15:17:47');
/*!40000 ALTER TABLE `media` ENABLE KEYS */;
UNLOCK TABLES;

--
-- Table structure for table `media_likes`
--

DROP TABLE IF EXISTS `media_likes`;
/*!40101 SET @saved_cs_client     = @@character_set_client */;
/*!50503 SET character_set_client = utf8mb4 */;
CREATE TABLE `media_likes` (
  `id` bigint unsigned NOT NULL AUTO_INCREMENT,
  `user_id` bigint unsigned NOT NULL,
  `liked_at` datetime NOT NULL DEFAULT CURRENT_TIMESTAMP,
  `liked_media_id` bigint unsigned DEFAULT NULL,
  PRIMARY KEY (`id`),
  KEY `media_likes_user_idx` (`user_id`),
  KEY `media_likes_media_id_idx` (`liked_media_id`),
  KEY `media_liked_at_idx` (`liked_at`),
  CONSTRAINT `fk_media_likes_media` FOREIGN KEY (`liked_media_id`) REFERENCES `media` (`id`) ON DELETE CASCADE ON UPDATE CASCADE,
  CONSTRAINT `fk_media_likes_users` FOREIGN KEY (`user_id`) REFERENCES `users` (`id`) ON DELETE CASCADE ON UPDATE CASCADE
) ENGINE=InnoDB AUTO_INCREMENT=101 DEFAULT CHARSET=utf8mb4 COLLATE=utf8mb4_unicode_ci;
/*!40101 SET character_set_client = @saved_cs_client */;

--
-- Dumping data for table `media_likes`
--

LOCK TABLES `media_likes` WRITE;
/*!40000 ALTER TABLE `media_likes` DISABLE KEYS */;
INSERT INTO `media_likes` VALUES (1,1,'1991-07-31 19:09:59',1),(2,2,'1973-04-07 04:52:34',2),(3,3,'2000-05-31 02:46:09',3),(4,4,'2016-01-10 05:42:17',4),(5,5,'1993-05-17 00:00:45',5),(6,6,'2013-12-11 18:09:35',6),(7,7,'2017-10-16 21:39:42',7),(8,8,'1970-10-24 10:41:42',8),(9,9,'1993-06-02 10:54:27',9),(10,10,'1979-03-01 17:09:20',10),(11,11,'1988-07-16 06:23:37',11),(12,12,'1973-10-15 20:47:27',12),(13,13,'2014-02-12 12:00:54',13),(14,14,'1984-07-28 16:14:28',14),(15,15,'2009-02-13 18:14:42',15),(16,16,'1971-09-05 02:43:28',16),(17,17,'1992-06-18 06:44:05',17),(18,18,'1975-06-08 07:48:55',18),(19,19,'1995-05-02 09:20:58',19),(20,20,'2015-06-10 16:06:19',20),(21,21,'1970-04-13 04:28:25',21),(22,22,'1996-05-18 16:04:26',22),(23,23,'2013-04-22 22:56:42',23),(24,24,'1989-12-13 22:18:56',24),(25,25,'2016-12-14 04:02:55',25),(26,26,'2014-02-14 22:57:31',26),(27,27,'1998-08-14 17:02:46',27),(28,28,'1997-07-11 23:37:09',28),(29,29,'1998-11-12 21:55:01',29),(30,30,'2016-02-03 17:40:41',30),(31,31,'1972-05-02 20:31:23',31),(32,32,'2016-12-20 07:36:03',32),(33,33,'1970-07-16 07:59:49',33),(34,34,'1973-10-23 01:19:48',34),(35,35,'1999-04-06 05:37:35',35),(36,36,'2010-03-15 07:57:19',36),(37,37,'2001-02-12 10:11:04',37),(38,38,'1983-04-26 09:47:30',38),(39,39,'1978-03-01 07:02:56',39),(40,40,'2007-10-01 00:58:49',40),(41,41,'2018-10-28 02:18:39',41),(42,42,'1993-09-27 15:38:27',42),(43,43,'1976-06-29 08:40:39',43),(44,44,'2011-06-03 08:00:51',44),(45,45,'1971-10-02 18:03:03',45),(46,46,'1975-01-15 21:24:58',46),(47,47,'2003-09-25 04:58:02',47),(48,48,'1979-12-15 03:11:23',48),(49,49,'1974-07-04 19:14:18',49),(50,50,'2010-12-08 17:30:03',50),(51,51,'2000-04-29 07:18:44',51),(52,52,'1974-10-21 06:12:58',52),(53,53,'1986-10-09 07:18:38',53),(54,54,'1988-12-14 00:57:09',54),(55,55,'1975-01-10 13:12:43',55),(56,56,'2008-11-05 15:23:57',56),(57,57,'2003-01-08 13:25:42',57),(58,58,'2004-09-30 16:43:29',58),(59,59,'1996-12-17 17:30:07',59),(60,60,'1974-05-04 23:59:59',60),(61,61,'1993-04-24 07:41:31',61),(62,62,'2002-11-29 09:10:26',62),(63,63,'2013-04-29 21:07:45',63),(64,64,'1983-04-06 15:34:23',64),(65,65,'1973-06-28 09:38:25',65),(66,66,'1996-08-20 04:48:21',66),(67,67,'1976-11-16 08:57:50',67),(68,68,'1987-02-25 13:44:52',68),(69,69,'2018-07-26 21:19:28',69),(70,70,'1981-09-09 17:04:56',70),(71,71,'1977-02-16 18:17:22',71),(72,72,'1996-05-29 11:46:27',72),(73,73,'1982-10-27 10:35:12',73),(74,74,'2011-02-20 03:26:21',74),(75,75,'1985-05-31 17:33:19',75),(76,76,'2018-06-05 10:59:01',76),(77,77,'1974-12-28 18:19:49',77),(78,78,'2000-10-17 03:17:06',78),(79,79,'1972-01-15 11:00:11',79),(80,80,'1978-03-30 16:37:39',80),(81,81,'1983-10-30 23:07:39',81),(82,82,'2010-01-12 11:52:13',82),(83,83,'1989-02-22 12:00:20',83),(84,84,'1981-07-06 23:10:21',84),(85,85,'1970-05-28 23:18:49',85),(86,86,'1981-09-05 22:13:38',86),(87,87,'1986-10-20 12:39:27',87),(88,88,'2005-07-23 01:59:42',88),(89,89,'2018-10-25 05:52:41',89),(90,90,'1993-04-10 03:27:02',90),(91,91,'2017-08-23 16:08:49',91),(92,92,'2013-09-11 10:06:46',92),(93,93,'1996-12-18 21:35:00',93),(94,94,'1995-02-27 06:28:13',94),(95,95,'1993-10-23 13:29:28',95),(96,96,'2011-04-06 09:03:16',96),(97,97,'1970-09-21 18:23:31',97),(98,98,'1970-01-01 20:32:25',98),(99,99,'2012-11-23 02:57:34',99),(100,100,'1984-01-13 14:01:00',100);
/*!40000 ALTER TABLE `media_likes` ENABLE KEYS */;
UNLOCK TABLES;

--
-- Table structure for table `media_types`
--

DROP TABLE IF EXISTS `media_types`;
/*!40101 SET @saved_cs_client     = @@character_set_client */;
/*!50503 SET character_set_client = utf8mb4 */;
CREATE TABLE `media_types` (
  `id` int unsigned NOT NULL AUTO_INCREMENT,
  `name` varchar(45) CHARACTER SET utf8mb4 COLLATE utf8mb4_unicode_ci NOT NULL,
  PRIMARY KEY (`id`),
  UNIQUE KEY `name` (`name`)
) ENGINE=InnoDB AUTO_INCREMENT=5 DEFAULT CHARSET=utf8mb4 COLLATE=utf8mb4_unicode_ci;
/*!40101 SET character_set_client = @saved_cs_client */;

--
-- Dumping data for table `media_types`
--

LOCK TABLES `media_types` WRITE;
/*!40000 ALTER TABLE `media_types` DISABLE KEYS */;
INSERT INTO `media_types` VALUES (3,'a'),(2,'nemo'),(1,'sequi'),(4,'voluptatibus');
/*!40000 ALTER TABLE `media_types` ENABLE KEYS */;
UNLOCK TABLES;

--
-- Table structure for table `messages`
--

DROP TABLE IF EXISTS `messages`;
/*!40101 SET @saved_cs_client     = @@character_set_client */;
/*!50503 SET character_set_client = utf8mb4 */;
CREATE TABLE `messages` (
  `id` bigint unsigned NOT NULL AUTO_INCREMENT,
  `from_user_id` bigint unsigned NOT NULL,
  `to_user_id` bigint unsigned NOT NULL,
  `txt` text CHARACTER SET utf8mb4 COLLATE utf8mb4_unicode_ci NOT NULL,
  `is_delivered` tinyint(1) DEFAULT '0',
  `created_at` datetime NOT NULL DEFAULT CURRENT_TIMESTAMP,
  `updated_at` datetime DEFAULT CURRENT_TIMESTAMP ON UPDATE CURRENT_TIMESTAMP COMMENT 'Время обновления строки',
  PRIMARY KEY (`id`),
  KEY `fk_messages_from_user_idx` (`from_user_id`),
  KEY `fk_messages_to_user_idx` (`to_user_id`),
  CONSTRAINT `fk_messages_users_1` FOREIGN KEY (`from_user_id`) REFERENCES `users` (`id`) ON DELETE CASCADE ON UPDATE CASCADE,
  CONSTRAINT `fk_messages_users_2` FOREIGN KEY (`to_user_id`) REFERENCES `users` (`id`) ON DELETE CASCADE ON UPDATE CASCADE
) ENGINE=InnoDB AUTO_INCREMENT=101 DEFAULT CHARSET=utf8mb4 COLLATE=utf8mb4_unicode_ci;
/*!40101 SET character_set_client = @saved_cs_client */;

--
-- Dumping data for table `messages`
--

LOCK TABLES `messages` WRITE;
/*!40000 ALTER TABLE `messages` DISABLE KEYS */;
INSERT INTO `messages` VALUES (1,1,1,'',1,'1988-08-07 20:59:05','1990-03-24 00:44:20'),(2,2,2,'',0,'1978-06-26 09:21:27','1970-12-12 23:58:37'),(3,3,3,'',0,'2005-01-19 08:03:12','1975-02-05 20:29:21'),(4,4,4,'',1,'2020-11-26 12:34:36','2019-09-23 04:15:25'),(5,5,5,'',0,'1989-02-14 08:07:18','1993-12-29 07:49:30'),(6,6,6,'',1,'1989-05-07 06:05:16','1976-03-31 15:06:46'),(7,7,7,'',1,'1973-12-25 01:52:04','1978-02-20 15:55:23'),(8,8,8,'',1,'2019-09-23 12:11:32','2010-12-27 07:13:30'),(9,9,9,'',0,'1973-04-16 11:10:28','1999-01-09 01:52:31'),(10,10,10,'',0,'1981-11-09 12:40:29','1985-10-22 17:49:38'),(11,11,11,'',0,'1990-10-04 09:57:35','1988-08-21 11:41:21'),(12,12,12,'',0,'1976-08-29 03:54:40','2000-08-26 04:40:12'),(13,13,13,'',1,'2005-10-26 16:42:20','2010-01-28 10:31:07'),(14,14,14,'',0,'2013-06-20 05:39:57','1972-12-31 16:56:45'),(15,15,15,'',1,'1989-02-20 18:02:06','2003-11-28 04:02:29'),(16,16,16,'',1,'1976-04-16 02:51:25','1980-11-05 14:05:14'),(17,17,17,'',1,'2018-07-16 09:29:31','2003-09-20 17:58:21'),(18,18,18,'',1,'1995-10-28 13:10:56','2007-07-25 18:13:50'),(19,19,19,'',1,'1980-02-29 22:58:54','1990-06-07 23:07:34'),(20,20,20,'',0,'1981-06-19 05:52:12','2006-05-27 02:40:34'),(21,21,21,'',1,'1980-05-12 08:43:20','2006-04-24 17:41:25'),(22,22,22,'',1,'2000-02-02 19:28:53','2005-05-17 17:53:46'),(23,23,23,'',0,'1985-03-11 15:36:07','2007-05-23 04:29:03'),(24,24,24,'',1,'1997-01-16 03:03:54','2001-11-02 11:37:27'),(25,25,25,'',1,'1995-08-15 10:36:46','1976-10-13 11:35:53'),(26,26,26,'',1,'1973-11-11 04:55:17','1987-08-20 21:53:47'),(27,27,27,'',1,'2018-01-25 17:27:55','1974-01-17 22:05:39'),(28,28,28,'',1,'1992-08-13 22:41:10','1995-03-16 17:49:35'),(29,29,29,'',0,'1973-04-19 23:16:19','2007-09-18 06:03:52'),(30,30,30,'',0,'1977-01-03 00:45:55','1993-08-10 04:54:02'),(31,31,31,'',1,'1995-06-25 13:05:44','1988-05-19 21:47:59'),(32,32,32,'',0,'2000-08-30 20:53:26','1989-02-26 16:16:10'),(33,33,33,'',0,'2015-08-30 01:14:13','1993-11-22 17:12:18'),(34,34,34,'',0,'2002-02-23 16:01:52','1974-02-25 05:59:18'),(35,35,35,'',1,'1994-11-13 09:43:58','1994-07-05 21:15:35'),(36,36,36,'',0,'1979-11-02 21:22:45','2014-12-02 16:47:50'),(37,37,37,'',0,'1999-07-26 06:11:25','2019-05-10 13:44:57'),(38,38,38,'',0,'1973-04-02 19:31:17','1977-07-13 18:52:23'),(39,39,39,'',1,'2000-12-19 13:57:34','1974-11-13 19:06:29'),(40,40,40,'',1,'1971-06-04 12:37:44','2013-02-06 12:24:09'),(41,41,41,'',1,'1983-07-27 15:36:44','2007-09-04 10:00:20'),(42,42,42,'',0,'1989-08-24 05:09:53','1991-11-03 03:19:01'),(43,43,43,'',0,'2003-04-23 08:19:05','1975-11-27 12:56:09'),(44,44,44,'',1,'1983-08-23 00:06:08','2003-03-12 07:30:56'),(45,45,45,'',0,'2017-08-06 03:38:01','1976-03-31 13:26:49'),(46,46,46,'',1,'1994-10-12 08:37:07','2007-05-13 12:31:50'),(47,47,47,'',0,'1996-09-16 11:57:58','2003-08-16 12:15:03'),(48,48,48,'',1,'1980-07-31 00:48:09','2010-06-23 19:42:11'),(49,49,49,'',1,'2014-06-30 18:41:01','2018-02-15 20:45:39'),(50,50,50,'',0,'2011-08-22 00:30:54','2014-11-03 08:15:40'),(51,51,51,'',1,'1983-04-23 21:45:22','2006-08-21 06:49:24'),(52,52,52,'',1,'1992-06-02 02:01:07','1994-05-16 00:13:50'),(53,53,53,'',0,'2006-07-09 02:10:00','2011-05-31 11:29:40'),(54,54,54,'',1,'1984-10-12 11:34:22','1970-09-24 02:42:11'),(55,55,55,'',1,'2007-12-04 23:57:58','2000-08-04 18:44:56'),(56,56,56,'',1,'2016-08-04 09:08:25','2018-01-31 21:23:15'),(57,57,57,'',1,'1971-04-15 01:23:43','1985-01-04 17:50:16'),(58,58,58,'',0,'1987-12-28 18:54:22','1975-02-19 13:13:45'),(59,59,59,'',0,'2019-01-08 14:27:12','2019-06-11 06:37:46'),(60,60,60,'',0,'1993-04-29 04:19:43','2017-11-09 20:11:50'),(61,61,61,'',1,'2018-04-27 08:41:44','2000-07-29 22:26:11'),(62,62,62,'',0,'1998-10-03 22:49:14','1995-09-19 22:31:59'),(63,63,63,'',1,'1974-11-18 05:54:50','2021-04-09 11:34:05'),(64,64,64,'',1,'2004-09-26 03:14:21','1989-11-01 11:35:23'),(65,65,65,'',0,'2017-03-04 10:26:28','2020-12-05 12:20:02'),(66,66,66,'',1,'1988-06-24 04:24:54','2016-12-16 01:58:26'),(67,67,67,'',0,'1990-09-13 05:27:17','2005-10-02 17:13:41'),(68,68,68,'',0,'1995-04-27 03:28:12','2018-11-30 05:09:08'),(69,69,69,'',1,'1997-08-25 00:56:30','1997-03-03 02:20:49'),(70,70,70,'',0,'1976-01-06 00:05:40','1995-08-23 06:22:18'),(71,71,71,'',0,'1985-11-30 14:41:54','1975-03-20 13:19:53'),(72,72,72,'',1,'1986-02-22 18:27:01','1970-06-04 10:30:36'),(73,73,73,'',0,'1977-03-31 19:32:47','1972-05-05 19:11:35'),(74,74,74,'',1,'2004-03-06 10:10:36','2005-04-09 20:07:55'),(75,75,75,'',1,'2001-07-17 21:51:18','2009-06-23 15:57:24'),(76,76,76,'',1,'1970-09-07 22:22:59','1990-03-20 09:15:13'),(77,77,77,'',1,'2000-10-29 14:03:28','1972-09-04 07:44:36'),(78,78,78,'',1,'2004-10-05 20:08:41','1985-01-31 02:45:23'),(79,79,79,'',0,'1977-10-08 11:39:02','1976-03-25 13:36:01'),(80,80,80,'',0,'1994-11-06 12:53:49','2016-09-18 16:21:05'),(81,81,81,'',0,'1990-09-08 02:54:13','1998-03-21 21:01:28'),(82,82,82,'',1,'2010-11-26 18:28:22','1976-08-12 14:32:04'),(83,83,83,'',0,'1975-10-29 21:56:01','1994-08-02 06:44:24'),(84,84,84,'',1,'1988-05-03 18:28:17','2001-10-27 07:05:12'),(85,85,85,'',0,'1997-04-07 09:19:31','1987-10-18 21:42:50'),(86,86,86,'',1,'1993-08-09 10:13:19','1973-06-02 16:19:45'),(87,87,87,'',1,'2011-05-19 23:51:40','2012-09-30 10:42:56'),(88,88,88,'',1,'1998-05-11 08:00:31','2007-04-29 23:03:37'),(89,89,89,'',1,'1985-08-16 16:17:31','1999-11-03 00:57:07'),(90,90,90,'',0,'2016-02-17 02:54:57','2021-05-27 08:33:50'),(91,91,91,'',1,'1996-03-29 12:26:57','2005-07-10 17:02:55'),(92,92,92,'',0,'1977-03-25 17:35:00','2005-12-15 05:47:08'),(93,93,93,'',0,'1991-12-12 16:34:30','1989-01-14 10:26:59'),(94,94,94,'',0,'1979-05-07 05:58:41','1981-08-26 05:10:26'),(95,95,95,'',0,'1999-05-11 01:18:32','2006-02-20 15:47:50'),(96,96,96,'',1,'2013-07-28 12:49:28','1997-03-03 04:16:08'),(97,97,97,'',0,'1973-12-11 00:05:20','1989-11-26 22:07:12'),(98,98,98,'',1,'1975-10-05 17:05:41','2013-01-21 10:30:11'),(99,99,99,'',1,'2005-07-18 05:09:42','1992-01-20 22:19:45'),(100,100,100,'',0,'1999-11-20 15:14:09','1973-02-14 17:19:24');
/*!40000 ALTER TABLE `messages` ENABLE KEYS */;
UNLOCK TABLES;

--
-- Table structure for table `post_likes`
--

DROP TABLE IF EXISTS `post_likes`;
/*!40101 SET @saved_cs_client     = @@character_set_client */;
/*!50503 SET character_set_client = utf8mb4 */;
CREATE TABLE `post_likes` (
  `id` bigint unsigned NOT NULL AUTO_INCREMENT,
  `user_id` bigint unsigned NOT NULL,
  `liked_at` datetime NOT NULL DEFAULT CURRENT_TIMESTAMP,
  `liked_post_id` bigint unsigned DEFAULT NULL,
  PRIMARY KEY (`id`),
  KEY `post_likes_user_idx` (`user_id`),
  KEY `post_likes_media_id_idx` (`liked_post_id`),
  KEY `post_liked_at_idx` (`liked_at`),
  CONSTRAINT `fk_post_liked_users` FOREIGN KEY (`liked_post_id`) REFERENCES `posts` (`id`) ON DELETE CASCADE ON UPDATE CASCADE,
  CONSTRAINT `fk_post_likes_users` FOREIGN KEY (`user_id`) REFERENCES `users` (`id`) ON DELETE CASCADE ON UPDATE CASCADE
) ENGINE=InnoDB AUTO_INCREMENT=101 DEFAULT CHARSET=utf8mb4 COLLATE=utf8mb4_unicode_ci;
/*!40101 SET character_set_client = @saved_cs_client */;

--
-- Dumping data for table `post_likes`
--

LOCK TABLES `post_likes` WRITE;
/*!40000 ALTER TABLE `post_likes` DISABLE KEYS */;
INSERT INTO `post_likes` VALUES (1,1,'1984-05-09 02:55:45',1),(2,2,'1984-09-29 08:11:40',2),(3,3,'1980-08-10 07:53:41',3),(4,4,'2011-02-25 01:17:09',4),(5,5,'1993-06-03 12:22:09',5),(6,6,'1993-11-04 04:04:09',6),(7,7,'2013-09-19 22:34:29',7),(8,8,'1998-12-12 07:37:57',8),(9,9,'2001-05-02 22:04:54',9),(10,10,'2019-03-18 04:03:45',10),(11,11,'1981-05-17 11:37:15',11),(12,12,'2011-12-28 01:43:31',12),(13,13,'1992-01-17 03:35:16',13),(14,14,'2003-05-21 13:19:24',14),(15,15,'2018-08-08 10:31:46',15),(16,16,'1976-02-16 07:55:42',16),(17,17,'2007-04-23 22:13:56',17),(18,18,'1980-10-27 17:06:03',18),(19,19,'2012-02-27 14:57:58',19),(20,20,'1996-04-11 05:06:03',20),(21,21,'1999-07-21 12:59:57',21),(22,22,'1990-01-26 15:07:51',22),(23,23,'1989-12-28 00:40:11',23),(24,24,'2004-07-22 03:06:06',24),(25,25,'1989-09-23 13:34:12',25),(26,26,'2000-03-13 17:25:22',26),(27,27,'1979-07-29 02:32:15',27),(28,28,'1988-10-14 22:23:55',28),(29,29,'2010-09-03 14:43:13',29),(30,30,'1995-02-24 11:19:14',30),(31,31,'2013-04-08 19:37:09',31),(32,32,'1994-02-16 04:55:00',32),(33,33,'2015-05-03 14:53:14',33),(34,34,'1988-09-05 21:05:35',34),(35,35,'1996-01-11 19:24:40',35),(36,36,'1972-12-28 22:45:09',36),(37,37,'2013-07-25 15:26:14',37),(38,38,'2007-10-02 11:16:04',38),(39,39,'2004-01-23 22:04:20',39),(40,40,'2015-09-08 09:32:06',40),(41,41,'1992-08-02 00:32:38',41),(42,42,'1998-06-16 01:49:15',42),(43,43,'1974-08-02 13:10:23',43),(44,44,'1997-06-19 19:02:16',44),(45,45,'2006-07-09 00:33:30',45),(46,46,'1973-02-02 09:00:11',46),(47,47,'1971-06-08 13:59:36',47),(48,48,'1992-05-13 13:48:40',48),(49,49,'1982-06-07 15:06:13',49),(50,50,'1998-09-30 05:41:27',50),(51,51,'1986-05-05 17:00:55',51),(52,52,'2014-12-10 09:39:52',52),(53,53,'1986-08-18 17:12:50',53),(54,54,'2007-11-12 20:26:21',54),(55,55,'1980-07-21 00:29:19',55),(56,56,'1988-11-25 00:17:31',56),(57,57,'1985-05-21 09:35:23',57),(58,58,'2004-05-19 04:07:27',58),(59,59,'2020-12-01 22:30:03',59),(60,60,'1986-04-16 19:25:30',60),(61,61,'2006-12-22 09:03:40',61),(62,62,'2006-02-14 04:22:47',62),(63,63,'1985-10-31 20:56:47',63),(64,64,'1985-03-30 19:34:40',64),(65,65,'2021-05-25 02:11:36',65),(66,66,'1991-04-01 02:12:12',66),(67,67,'1991-01-02 20:01:18',67),(68,68,'1977-08-19 15:53:45',68),(69,69,'1976-12-15 15:25:44',69),(70,70,'1995-07-22 04:40:05',70),(71,71,'2016-10-13 00:14:04',71),(72,72,'1986-12-12 09:51:22',72),(73,73,'2003-10-27 16:24:50',73),(74,74,'2014-03-21 01:29:36',74),(75,75,'1972-07-11 15:09:06',75),(76,76,'1978-01-03 23:43:10',76),(77,77,'1993-10-30 22:40:45',77),(78,78,'1995-02-08 10:23:48',78),(79,79,'2007-08-10 00:30:40',79),(80,80,'1982-08-01 16:41:25',80),(81,81,'1977-05-09 05:56:25',81),(82,82,'1996-06-18 20:15:27',82),(83,83,'1973-05-07 19:09:30',83),(84,84,'1993-06-27 05:57:47',84),(85,85,'1996-01-02 08:35:37',85),(86,86,'2000-11-12 07:34:00',86),(87,87,'1984-01-19 18:36:44',87),(88,88,'2020-01-22 21:14:56',88),(89,89,'2004-01-27 08:31:16',89),(90,90,'2014-04-24 06:58:30',90),(91,91,'1979-08-25 19:49:36',91),(92,92,'1989-07-25 22:01:35',92),(93,93,'1997-10-23 14:31:44',93),(94,94,'1978-09-06 21:22:13',94),(95,95,'1979-02-10 06:58:39',95),(96,96,'1971-07-11 05:28:32',96),(97,97,'1976-04-09 17:41:59',97),(98,98,'1974-08-01 10:17:02',98),(99,99,'1992-03-19 23:50:18',99),(100,100,'2005-05-21 17:48:35',100);
/*!40000 ALTER TABLE `post_likes` ENABLE KEYS */;
UNLOCK TABLES;

--
-- Table structure for table `posts`
--

DROP TABLE IF EXISTS `posts`;
/*!40101 SET @saved_cs_client     = @@character_set_client */;
/*!50503 SET character_set_client = utf8mb4 */;
CREATE TABLE `posts` (
  `id` bigint unsigned NOT NULL AUTO_INCREMENT,
  `user_id` bigint unsigned NOT NULL,
  `text` varchar(5000) CHARACTER SET utf8mb4 COLLATE utf8mb4_unicode_ci NOT NULL,
  `date_created` datetime NOT NULL DEFAULT CURRENT_TIMESTAMP,
  PRIMARY KEY (`id`),
  KEY `posts_user_idx` (`user_id`),
  KEY `posts_date_created_idx` (`date_created`),
  CONSTRAINT `fk_posts_users` FOREIGN KEY (`user_id`) REFERENCES `users` (`id`) ON DELETE CASCADE ON UPDATE CASCADE
) ENGINE=InnoDB AUTO_INCREMENT=101 DEFAULT CHARSET=utf8mb4 COLLATE=utf8mb4_unicode_ci;
/*!40101 SET character_set_client = @saved_cs_client */;

--
-- Dumping data for table `posts`
--

LOCK TABLES `posts` WRITE;
/*!40000 ALTER TABLE `posts` DISABLE KEYS */;
INSERT INTO `posts` VALUES (1,1,'Deserunt dicta tempore perferendis consequatur. Deleniti aut cum quibusdam autem dolorem qui iste nobis. Odit quia modi et veritatis.','1971-01-20 09:19:50'),(2,2,'Quibusdam neque corporis similique nostrum. Quo vel itaque voluptatem veritatis doloribus dolor in. Ut aliquam illum sed veritatis debitis pariatur.','1990-05-28 01:55:05'),(3,3,'Ratione cumque nostrum dicta dolores aliquam. Aut saepe possimus dolor eum. Cupiditate ad quos cum et.','1983-12-14 07:06:51'),(4,4,'Voluptatem qui fugiat sit voluptatem expedita illum ea excepturi. Accusantium perferendis optio suscipit voluptatem ullam sit.','1993-08-08 01:34:01'),(5,5,'Impedit corporis ut adipisci tempora qui modi commodi voluptatem. Non autem aliquid architecto laborum in id. Eveniet recusandae consectetur sequi dignissimos est ullam.','2010-12-03 19:15:15'),(6,6,'Nisi quod dolorem corrupti aut itaque. Ut consequatur ipsa quas aut voluptates reprehenderit consequatur. Facilis fugiat voluptas eum. Quis expedita est eligendi nam.','2000-05-26 10:26:16'),(7,7,'Non impedit et delectus et. Quia ea ea culpa voluptate autem maiores.\nTempora ullam voluptatem sit molestias quae. Doloremque et illo dolorem vel. Eum assumenda cumque a itaque.','2001-09-11 14:37:27'),(8,8,'Qui et eos in illum explicabo beatae perspiciatis doloremque. Saepe inventore debitis qui optio. Soluta beatae et doloremque perspiciatis. Ea dolores similique incidunt est.','1997-09-27 21:27:35'),(9,9,'Omnis cum ut unde alias. Dolor deleniti nesciunt qui nesciunt. Dignissimos vel sunt praesentium.\nQuos fugiat dolore autem provident. Minima sed corrupti ut sapiente. Reiciendis officiis eum ea quis.','2012-07-27 14:22:57'),(10,10,'Quo minus dolor autem sed. Aperiam provident aliquid pariatur perferendis ullam cupiditate rem. Cupiditate et non repellendus consequuntur.','1986-08-19 14:45:02'),(11,11,'Dolore in voluptatibus esse quod. Molestiae qui qui ipsum neque consequatur alias. In ut eos fuga. Dolorem sit qui suscipit quia.','1997-11-18 21:01:39'),(12,12,'Amet reprehenderit molestiae sapiente soluta qui consequatur. Rerum adipisci magni perspiciatis sint reiciendis. Nulla perferendis ut tempora praesentium similique vel.','1990-09-21 02:12:38'),(13,13,'Rerum assumenda error repellat ut illum enim. Magnam consequuntur eum omnis autem tenetur sit. Vel et distinctio possimus explicabo dolorem enim quia. Minus quidem fuga magni aliquam voluptas.','2001-08-14 20:11:23'),(14,14,'Itaque voluptatem dolor delectus voluptatem minima earum. Nam beatae sint voluptatibus. Suscipit laborum expedita totam in optio.','1978-12-14 12:11:55'),(15,15,'Nihil aut sint ut repudiandae provident et sed. Earum quis laborum minima ab voluptas quidem. Sed aut occaecati velit perspiciatis et voluptatem. Animi quisquam dolores incidunt commodi.','1971-05-31 20:12:11'),(16,16,'Debitis tenetur ad harum velit. Repellat nihil rerum atque quia labore corrupti quia. Non est ea repellat.','1972-06-13 16:52:22'),(17,17,'Voluptas temporibus nesciunt et accusamus eos aut. Nihil omnis odio aut nulla. Ut laboriosam quia laudantium eveniet blanditiis ipsa saepe.','1985-09-23 13:09:14'),(18,18,'Dolores est velit ut non assumenda. Libero molestias in totam. Impedit facilis voluptatem id qui.','2020-08-28 10:10:20'),(19,19,'Dolores itaque aut laboriosam. Dolor aperiam et repudiandae autem. Consectetur ea eos quo.','1976-01-02 00:51:00'),(20,20,'Vel temporibus sunt rerum consequatur repudiandae. Vel illum ut harum dolorem sunt omnis repellat inventore. Temporibus eveniet non quia explicabo in et.','2015-03-25 14:13:16'),(21,21,'Quibusdam qui omnis laboriosam aut. Reiciendis ea nemo culpa quasi. Praesentium nisi ad culpa.','2017-03-24 19:57:40'),(22,22,'Voluptas dolorem ut neque dolorum repudiandae magnam non. Distinctio qui qui dolores ducimus expedita natus ipsa et. Iste dicta quod ad velit ut. Commodi voluptatibus voluptas ut similique.','1984-02-27 00:19:24'),(23,23,'Cum ut laborum voluptatem praesentium et nostrum. Dolorum perferendis vel eos. Vel ut velit dolorem vel adipisci.','1979-04-09 14:17:36'),(24,24,'Amet voluptatem deleniti cupiditate est occaecati reprehenderit aliquid laboriosam. Aperiam vel veritatis impedit. Qui soluta omnis officia et in voluptas. Totam sit eos qui ducimus.','2014-10-09 18:30:30'),(25,25,'Aperiam sed esse itaque nostrum consequatur ut provident. Enim laudantium sit quis inventore amet laudantium nisi. Iusto quo blanditiis qui dolorem illum eligendi.','2008-08-23 05:30:06'),(26,26,'Id voluptatum eum ipsa consequatur. Occaecati nihil qui natus magnam reiciendis. Quis vel vel ratione expedita. Eum exercitationem fugit minus.','2016-05-13 00:05:40'),(27,27,'Ipsum ea quia fugiat sunt officia nemo quia. Laudantium repellat aliquam voluptas eum. Quo magnam quia amet tempora nesciunt.','2010-12-02 05:25:18'),(28,28,'Libero nesciunt ut veritatis alias reprehenderit rerum. Alias temporibus hic perferendis saepe. Molestiae non perferendis et exercitationem est ex amet.','1979-06-01 03:25:15'),(29,29,'Et tempora quam ullam eius debitis. Qui et rerum sint. Quas aut animi cum voluptatem.','1983-11-22 12:06:38'),(30,30,'Rerum libero quia accusamus excepturi sit voluptatibus. Harum qui est accusamus eos ullam vero quo porro. Cupiditate placeat deleniti nam voluptatem.','1977-06-22 07:38:11'),(31,31,'Dolores delectus et voluptas vitae ut id. Quis in omnis similique non blanditiis quia dolorum.','1990-02-21 05:07:00'),(32,32,'Asperiores est occaecati aperiam a accusantium beatae. Qui exercitationem adipisci temporibus maxime sequi. Enim nemo architecto a. Quod quasi soluta dolorem.','1972-11-10 05:26:51'),(33,33,'In aut aut error earum repellendus accusamus doloribus reprehenderit. Laudantium iusto ut omnis perferendis qui eum blanditiis. Exercitationem reprehenderit impedit quam quo fugit.','1973-04-12 08:07:57'),(34,34,'Voluptatem exercitationem debitis ut voluptatem. Neque cupiditate est nemo consequatur. Expedita delectus quod delectus aliquid aliquid.','1996-01-11 05:24:17'),(35,35,'Sed accusamus itaque suscipit. Nostrum vel id aperiam amet quam et. Quis sed voluptatem laborum est. Quae quam ut inventore.','1997-10-03 08:12:36'),(36,36,'Eaque modi dolorem quidem dolorem aut iusto. Reiciendis iure occaecati est adipisci rem nobis. Omnis eum possimus maiores quis soluta. Omnis accusantium laudantium similique voluptas nulla unde unde.','1980-08-09 23:46:24'),(37,37,'Ipsum laboriosam pariatur et. Voluptatem cum suscipit assumenda aliquid sit placeat ut. Totam eum sit ducimus nihil.','2016-11-18 23:51:50'),(38,38,'Neque est in quo. Repellat nam neque ut. Et et tenetur debitis quia. Eveniet sint voluptatem accusantium quam ab. Occaecati temporibus a fuga neque.','2020-09-08 04:35:15'),(39,39,'Autem sed dolor recusandae quam eveniet repudiandae placeat. Iure recusandae qui omnis error qui id. Et reprehenderit excepturi molestiae consequatur dignissimos.','1996-01-19 09:08:43'),(40,40,'Maiores nesciunt quae ut voluptatem non incidunt. Vel fugiat vel quia cumque minus qui nostrum dolore. Iste tempore quasi rerum laudantium nihil ex.','1973-11-30 05:20:03'),(41,41,'Corrupti aut deleniti animi ratione eum. Sunt quisquam officiis deleniti sit quibusdam sit voluptatem. Ad molestiae est cupiditate aliquid aspernatur minima.','2016-05-13 18:54:37'),(42,42,'Quas recusandae saepe illo ea voluptatem rerum. Eum commodi magni at a voluptatibus velit. Cumque molestias quaerat consequuntur quam.','2001-07-16 19:25:02'),(43,43,'Id et pariatur vitae quia inventore possimus ut. Veniam quo voluptatum quia occaecati id velit. Explicabo et qui iure ea rerum eos. Facilis ratione repellendus exercitationem deleniti at.','2016-10-20 11:09:15'),(44,44,'Aut quisquam voluptatem vel est iure totam ut eos. Ullam harum sequi voluptatem natus. A consequuntur quae ea.\nUt dolorem blanditiis aspernatur reiciendis. Quo cumque similique omnis eligendi.','1991-05-14 15:36:18'),(45,45,'Suscipit quidem neque doloribus nam pariatur nihil optio. Repellat et cupiditate perferendis sunt. Aut necessitatibus non voluptatem explicabo magni sed blanditiis.','2004-05-14 00:13:37'),(46,46,'Non quis aut vel nam dolorem debitis. Iure ducimus eum est iure vel. Dolorem nulla porro vel enim est sequi rerum.','2008-03-17 03:53:48'),(47,47,'Voluptatibus similique magnam numquam. Et est sed voluptate sint rerum exercitationem adipisci. Illum aut adipisci saepe. Similique eos nemo quis ab occaecati et doloribus.','1994-09-16 22:18:08'),(48,48,'Corporis voluptatum aut velit velit. Velit nostrum maiores est quibusdam corporis aspernatur aut.','1971-09-19 09:50:12'),(49,49,'Ipsam nisi consectetur totam sed dolorum. Ducimus enim officia aut mollitia. Nam et repudiandae omnis provident iste beatae.','1983-05-14 01:07:57'),(50,50,'Sint deleniti et aut officiis facere laborum enim est. Recusandae cumque neque necessitatibus. Vero repudiandae incidunt necessitatibus eius quia esse. Et velit quis soluta ducimus.','2012-03-09 08:57:10'),(51,51,'Incidunt iusto et maxime officia ut minima. Similique et et laboriosam voluptas culpa necessitatibus qui. Incidunt quia nulla et qui possimus. Ut distinctio quia non qui corrupti qui.','2005-08-08 01:27:12'),(52,52,'Earum aut quos voluptatem quam. Deserunt omnis saepe modi distinctio omnis. Beatae enim incidunt esse.','1999-01-04 05:57:33'),(53,53,'Omnis distinctio deserunt neque ullam velit aliquam cumque. Perspiciatis minima tempora non quaerat quas. Et sint dolor reiciendis. Quasi et ut libero sequi.','2021-01-30 04:43:14'),(54,54,'Nihil cum voluptatem consequatur facere. Temporibus nihil accusamus quo. Ducimus expedita est consequatur officia et voluptas eius reprehenderit.','1999-05-22 05:57:31'),(55,55,'Et dignissimos sequi debitis ad aut ut. In porro dolorem in deserunt. Rerum provident eos veritatis. Ex id qui iste voluptatem eius inventore.','1980-03-05 13:20:52'),(56,56,'Quasi iure occaecati ut voluptatem recusandae rerum sed. Aut magnam aut aperiam nisi.\nPorro et numquam iste qui eligendi est. Eos qui eius fugiat at. Ut porro esse ut voluptas ad temporibus.','2006-01-26 02:13:07'),(57,57,'Voluptates qui saepe soluta et nesciunt. Eum ab harum occaecati. Eum quaerat ea adipisci a eveniet eligendi. Ut facilis delectus consequatur quia reiciendis. Et ut quia qui maxime voluptate.','2007-08-13 09:04:15'),(58,58,'Aut quasi a eveniet consequatur qui est. Quidem ut nihil perspiciatis eveniet quam. Distinctio nobis soluta et voluptate autem.','1993-11-05 14:33:04'),(59,59,'Rerum corporis est est earum consequatur. Nostrum fugit optio laudantium id fuga. Et tempora laborum velit vitae. Quis magnam odit soluta natus qui.','1998-04-02 08:16:30'),(60,60,'Labore porro non et suscipit sunt ut. Modi et nihil suscipit enim laboriosam eum.','2020-11-05 23:38:01'),(61,61,'Quia quia qui voluptatibus quaerat consequatur. Numquam qui exercitationem eum non voluptatum. Quidem sit ut quod perferendis. Consequatur vel ut est eum eum.','2007-11-04 01:14:39'),(62,62,'Veniam ea autem a ex. Est sed rem totam molestiae saepe. Itaque corporis enim rerum quo id perspiciatis amet. Placeat eos aut architecto quia. Unde consequatur excepturi ullam sunt error.','2021-01-20 05:16:03'),(63,63,'Eaque perferendis adipisci eius mollitia voluptas dicta et eum. Blanditiis animi natus sit et molestiae molestias iusto. Qui est debitis numquam aliquam incidunt.','1999-02-28 22:19:55'),(64,64,'Quam est et aperiam suscipit impedit cupiditate aut. Quasi iste incidunt et beatae odio totam et. Consequatur et corrupti ullam dicta.','1974-01-17 01:38:51'),(65,65,'Eligendi facilis labore et sit quasi itaque beatae. Hic quis molestiae laborum sed sed consequatur non. Nulla voluptatibus nisi sed porro quos.','1986-11-20 03:18:07'),(66,66,'Consequatur nam aut voluptas enim blanditiis dicta. Aut aperiam expedita expedita maiores tempora consequatur.','2003-03-13 03:35:27'),(67,67,'Quo non quas et aut. Ducimus ipsa iusto est commodi fugit et.\nMaiores hic aperiam harum quaerat dolorum. Consequatur et et illum nemo ut. Vel doloribus maiores libero corrupti.','1990-09-20 09:01:04'),(68,68,'Et expedita sint quis sed ducimus. Ut voluptates praesentium quaerat aut eum molestias. Reiciendis qui culpa corrupti soluta occaecati. Dolorem accusamus et a cum dolor fugit facere.','2008-12-10 12:02:46'),(69,69,'Molestias aut repudiandae quis aut quo. Molestiae accusantium nemo expedita dolores velit quia facere. Earum qui qui nostrum quas minus tempora.','1975-04-13 19:34:50'),(70,70,'Veritatis rem laboriosam rerum incidunt. Consequuntur quasi earum omnis voluptatum blanditiis non. Et quas quis velit rerum repellendus.','2016-06-23 06:47:40'),(71,71,'Laboriosam expedita voluptas error voluptas sapiente sint. Voluptate eaque quaerat consectetur maxime et sint sed nostrum. Quia molestiae distinctio sunt quis. Eos ea velit quos eius.','1997-11-23 02:47:35'),(72,72,'Eveniet fugiat atque ipsum qui quia. Ducimus ex eligendi expedita laborum. Eum qui minima adipisci necessitatibus sed pariatur.','1970-08-18 06:16:34'),(73,73,'Autem aperiam est qui voluptatem nihil quibusdam aliquid. Id incidunt voluptas repellat nesciunt neque est. Sit aspernatur enim voluptatem reprehenderit. Sequi ut in unde et voluptas assumenda qui.','1983-08-03 12:07:26'),(74,74,'Eligendi porro consequatur maiores repudiandae. Ipsam quaerat voluptas accusamus et minima rerum. Possimus blanditiis facere omnis iste porro ad aut dolore.','1996-12-24 19:53:03'),(75,75,'Et nesciunt perspiciatis beatae. Voluptates molestiae dolor rerum ut et quisquam. Omnis repellendus quia dolores voluptas corrupti non autem. Ut impedit vero eos voluptate laboriosam.','2015-02-01 19:06:28'),(76,76,'Cumque totam eum ipsa consequatur aperiam dolorum repellendus. Nihil quibusdam perspiciatis eum excepturi qui odio at repellendus. Aut voluptatem aut quibusdam cum dolorem.','1998-06-29 08:05:33'),(77,77,'Magnam mollitia quia ut quia praesentium ex. Sint totam qui exercitationem omnis expedita explicabo molestias. Exercitationem laborum minus rerum itaque repellendus sunt sed.','1990-10-02 17:01:14'),(78,78,'Ut ea labore non fugiat molestiae aut eius voluptatem. Ea ut aut nihil. Quia aliquam eveniet nisi omnis minima.','2009-12-30 00:40:09'),(79,79,'Et provident sit rerum qui. Illum ut porro magnam possimus dolorum voluptatem quo. Labore aut odit dicta asperiores aut voluptatem. Maxime totam qui consectetur quos sit iusto autem qui.','2008-05-17 03:43:16'),(80,80,'Et ab praesentium repellat. Delectus voluptatem est officia assumenda et reprehenderit corporis laborum. In pariatur cupiditate nisi deleniti et. Omnis fugiat excepturi pariatur qui sed ut ea ullam.','1993-10-06 09:06:30'),(81,81,'Qui pariatur consequatur veritatis dolorum et aperiam. Aut incidunt quae ducimus quis. Fugit voluptas praesentium ut ut sed ducimus ipsum.','1987-04-20 09:14:03'),(82,82,'Porro earum fugiat fugit qui voluptatem in culpa ea. Accusamus corporis a delectus laboriosam veniam impedit. Et sunt maiores iste ut aliquid iusto perspiciatis debitis.','2011-08-25 19:08:30'),(83,83,'Est nesciunt dolor odio sequi aliquam. Tempore ipsam eos minus excepturi laborum qui. Beatae soluta molestiae et aliquam error iste laboriosam. Itaque aspernatur non unde qui omnis.','1987-08-12 13:22:20'),(84,84,'Quia aliquam voluptates saepe eum enim nostrum. Dignissimos modi dignissimos est voluptate fuga unde accusantium. Quisquam quia harum beatae fugit.','1993-02-15 01:30:39'),(85,85,'Culpa quia dolor velit eum et. Ut dolore eum amet assumenda harum a autem. Est hic asperiores eos aut excepturi consectetur et.','2020-09-05 22:10:49'),(86,86,'Quod laborum autem omnis minus ut repudiandae ut. Aliquam dolores sit repellendus quia ea. Iure culpa aliquid aut minus ducimus.','1978-05-01 09:53:02'),(87,87,'Rerum labore sit accusamus accusamus ab beatae tempora. Vel consequuntur et magni a necessitatibus beatae et ut. Consectetur repellat alias corrupti et. Sed quos ut qui explicabo.','1970-04-29 01:22:22'),(88,88,'Animi officiis tempora nemo repellat qui. Possimus ullam numquam totam aut laudantium fugit et ea.','1982-04-22 11:56:42'),(89,89,'Et dolorum laborum provident odit. Quia quasi est temporibus atque aut quas. Debitis quasi harum est occaecati id ut et.','2010-12-10 15:44:38'),(90,90,'Est et aut repellendus quibusdam ducimus. Eligendi exercitationem error pariatur omnis aut. Ipsa ut recusandae nobis maxime eius.','2016-07-28 18:28:29'),(91,91,'Totam dolores velit sapiente provident debitis veritatis quisquam. Nam eum nobis aut id praesentium. Placeat ut recusandae exercitationem assumenda rem ab ullam id.','2016-02-26 16:29:28'),(92,92,'Eum repellat sint qui ut autem nisi. Quia ut blanditiis facilis ut ex eligendi. Mollitia rem non quisquam earum. Rem ut fugiat in magni beatae sit. Quae ullam aut inventore voluptatum.','1986-02-06 10:27:30'),(93,93,'Eaque deserunt aliquam atque in repellat voluptatem. Enim doloremque et qui soluta. Porro aut eum sint voluptas libero possimus placeat.','2014-04-11 21:48:45'),(94,94,'Iusto culpa perspiciatis pariatur molestiae doloribus. Culpa laborum qui consequatur eius sed consequuntur aut. Autem rerum dolores voluptatem nihil et vel.','2000-07-08 07:31:19'),(95,95,'Blanditiis omnis minima et ut quis. Rerum voluptas iusto quisquam fugiat ea. Omnis recusandae eaque rerum. Perferendis sed optio sed quis. Blanditiis molestiae magni cupiditate eum et porro quia.','2013-10-01 18:45:35'),(96,96,'Magni ut optio autem molestiae aut voluptas cupiditate nulla. Delectus impedit sunt velit quas hic quibusdam.','2012-08-27 10:55:50'),(97,97,'Optio at et suscipit officia soluta illo rerum. Veniam vitae quos non. Quia dolorum iste in neque et.','1971-05-21 05:21:57'),(98,98,'Et voluptatem ab id alias qui aspernatur quia eos. Quia rerum eum impedit sequi omnis iste delectus.','1982-04-10 06:29:59'),(99,99,'Quos repellendus laudantium dolor neque quidem ratione quia. Odio libero fugiat quia. Soluta architecto facere et nam nulla non.','1989-07-30 16:32:01'),(100,100,'Ullam non dolore iusto enim. Similique accusamus similique itaque quibusdam dicta nostrum. Eum harum veniam dolor inventore quia non. Ducimus esse rerum ut qui sequi blanditiis delectus.','2020-12-16 10:48:29');
/*!40000 ALTER TABLE `posts` ENABLE KEYS */;
UNLOCK TABLES;

--
-- Table structure for table `profiles`
--

DROP TABLE IF EXISTS `profiles`;
/*!40101 SET @saved_cs_client     = @@character_set_client */;
/*!50503 SET character_set_client = utf8mb4 */;
CREATE TABLE `profiles` (
  `user_id` bigint unsigned NOT NULL,
  `gender` enum('f','m','x') CHARACTER SET utf8mb4 COLLATE utf8mb4_unicode_ci DEFAULT NULL,
  `birthday` date NOT NULL,
  `photo_id` int unsigned DEFAULT NULL,
  `city` varchar(130) CHARACTER SET utf8mb4 COLLATE utf8mb4_unicode_ci DEFAULT NULL,
  `country` varchar(130) CHARACTER SET utf8mb4 COLLATE utf8mb4_unicode_ci DEFAULT NULL,
  PRIMARY KEY (`user_id`),
  CONSTRAINT `profiles_ibfk_1` FOREIGN KEY (`user_id`) REFERENCES `users` (`id`) ON DELETE CASCADE ON UPDATE CASCADE
) ENGINE=InnoDB DEFAULT CHARSET=utf8mb4 COLLATE=utf8mb4_unicode_ci;
/*!40101 SET character_set_client = @saved_cs_client */;

--
-- Dumping data for table `profiles`
--

LOCK TABLES `profiles` WRITE;
/*!40000 ALTER TABLE `profiles` DISABLE KEYS */;
INSERT INTO `profiles` VALUES (1,'m','1978-02-02',1,'Rogahnbury','269883'),(2,'x','1998-04-03',2,'Leannonburgh','29'),(3,'x','1979-07-12',3,'West Thomas','29823348'),(4,'m','1985-01-12',4,'Willfurt','9612'),(5,'m','1989-02-12',5,'Jerdeville',''),(6,'m','2011-03-31',6,'West Anastasia','64863318'),(7,'x','1984-10-01',7,'Johnstonland','20207104'),(8,'m','2004-07-29',8,'Boyerstad','88037'),(9,'m','1971-12-23',9,'New Estellemouth','808421'),(10,'x','2007-01-30',10,'Gillianfurt','38039'),(11,'f','1987-04-11',11,'South Nathanview','90'),(12,'f','1984-07-21',12,'South Pat','968600'),(13,'f','1970-12-25',13,'Lake Mabel',''),(14,'f','1991-02-25',14,'Gislasonbury','6720443'),(15,'m','1994-07-25',15,'Leannonview',''),(16,'f','2003-11-28',16,'Port Arvillaton','14974'),(17,'f','2007-12-04',17,'New Estelle',''),(18,'f','2013-09-11',18,'Port Kaylah','76488'),(19,'x','1989-08-25',19,'Port Karianeton','778356'),(20,'m','2014-08-01',20,'Lake Elodyborough','83883897'),(21,'f','1991-02-21',21,'Cheyennemouth',''),(22,'x','2009-02-12',22,'West Shanonstad','82'),(23,'f','1974-12-10',23,'Runteshire','460345'),(24,'x','2004-09-21',24,'Robertashire','680264157'),(25,'f','2018-10-20',25,'West Tristonberg','813'),(26,'m','1997-01-29',26,'West Camilaview',''),(27,'f','2006-12-21',27,'Francesmouth','6619168'),(28,'x','2016-09-09',28,'West Alberto','86'),(29,'x','1970-08-18',29,'Bahringerborough','8220058'),(30,'x','1983-12-07',30,'West Vincenzaberg','7'),(31,'m','1989-12-22',31,'Kirlinstad','3172026'),(32,'x','1990-12-30',32,'Toneyhaven','988582'),(33,'f','1979-12-13',33,'North Harrison','112'),(34,'x','1977-12-02',34,'West Ova',''),(35,'f','1972-06-11',35,'Evafort','971556'),(36,'f','1988-07-18',36,'Hansenton',''),(37,'x','1976-04-23',37,'South Frederickborough','24714802'),(38,'x','2005-11-29',38,'North Malinda','9504508'),(39,'f','1980-10-20',39,'North Ena','1'),(40,'m','1973-07-20',40,'Chloemouth','85593522'),(41,'x','2015-11-01',41,'Lake Jayde',''),(42,'x','1976-09-14',42,'North Nikita','4426952'),(43,'m','1992-01-04',43,'New Savion','38653'),(44,'m','2018-11-24',44,'South Malikaport','69'),(45,'m','2018-03-05',45,'North Brocktown','4'),(46,'f','2000-10-24',46,'New Darrellberg','368'),(47,'x','1986-07-22',47,'New Dedrick','7'),(48,'x','1987-06-21',48,'East Jessikaside','88'),(49,'f','2003-03-01',49,'North Mariannatown','2805928'),(50,'m','1990-11-23',50,'Klingberg','522894'),(51,'m','2021-02-18',51,'Port Karen','6891550'),(52,'f','1983-02-03',52,'Angelineberg','74200849'),(53,'x','1993-04-24',53,'Lake Ezequielland','448'),(54,'f','2011-08-05',54,'West Adrianberg','3'),(55,'x','1990-01-14',55,'West Laisha','41697233'),(56,'f','1992-05-11',56,'Hillardview',''),(57,'f','1989-07-11',57,'Padbergfurt','1243168'),(58,'f','1995-07-28',58,'Winfieldton','896922039'),(59,'m','2009-07-14',59,'South Myrlview','19'),(60,'m','1998-09-18',60,'Lake Carliberg',''),(61,'x','2009-11-22',61,'New Glenna',''),(62,'m','2007-07-03',62,'Emmittberg','562'),(63,'f','2010-07-12',63,'Huelbury','47996638'),(64,'m','2015-05-07',64,'Lake Katheryn','2588'),(65,'m','1989-09-21',65,'South Daisy','27729060'),(66,'m','1988-11-23',66,'New Dino',''),(67,'f','2003-02-18',67,'New Lewiston','6705465'),(68,'x','1988-01-31',68,'Cruickshankview','59207643'),(69,'x','1997-03-08',69,'Lake Arnoldoberg','644'),(70,'f','2013-03-13',70,'Smithamstad','74729'),(71,'m','2000-11-18',71,'Hughville','883390'),(72,'f','2004-02-13',72,'Stoltenbergshire','9'),(73,'m','2003-12-06',73,'Boport','913721'),(74,'m','1973-08-03',74,'Breanneside','582042'),(75,'x','2019-12-26',75,'Trishaton',''),(76,'m','1976-03-19',76,'Jaclynmouth','988027'),(77,'m','2008-02-10',77,'South Pattieview','47'),(78,'x','2004-02-01',78,'North Maxberg','49493'),(79,'x','2011-03-12',79,'East Salvadorborough',''),(80,'x','1992-01-25',80,'Reynoldbury','22399819'),(81,'x','2008-03-15',81,'North Mariah','4238'),(82,'m','2001-09-21',82,'Gorczanychester','888167894'),(83,'m','1995-11-02',83,'Lake Joaquin','24'),(84,'f','2013-03-23',84,'East Aniyahland','38'),(85,'x','2005-06-30',85,'North Joseph','613'),(86,'m','1979-02-11',86,'North Douglasmouth','463995754'),(87,'m','2005-08-15',87,'East Keaganville','767581'),(88,'x','1995-01-01',88,'Gladycemouth','85489354'),(89,'m','1975-09-27',89,'Heidenreichchester','19755348'),(90,'x','2002-08-23',90,'Weimannborough','725412260'),(91,'f','2015-08-11',91,'West Nels','9939531'),(92,'x','2010-04-12',92,'Gerlachtown','8791'),(93,'f','1989-11-22',93,'Emmamouth','687'),(94,'f','2010-10-11',94,'Kenyattafurt','370555922'),(95,'x','2004-03-16',95,'Dachmouth','965059054'),(96,'m','1987-07-28',96,'Quigleystad','2034'),(97,'f','1995-09-17',97,'Fayefort','95788'),(98,'x','2004-11-06',98,'Berryville','917'),(99,'f','1988-10-11',99,'Kurtisland','895455'),(100,'f','1988-01-24',100,'Marquardtton','');
/*!40000 ALTER TABLE `profiles` ENABLE KEYS */;
UNLOCK TABLES;

--
-- Table structure for table `user_likes`
--

DROP TABLE IF EXISTS `user_likes`;
/*!40101 SET @saved_cs_client     = @@character_set_client */;
/*!50503 SET character_set_client = utf8mb4 */;
CREATE TABLE `user_likes` (
  `id` bigint unsigned NOT NULL AUTO_INCREMENT,
  `user_id` bigint unsigned NOT NULL,
  `liked_at` datetime NOT NULL DEFAULT CURRENT_TIMESTAMP,
  `liked_user_id` bigint unsigned DEFAULT NULL,
  PRIMARY KEY (`id`),
  KEY `user_likes_user_idx` (`user_id`),
  KEY `user_likes_media_id_idx` (`liked_user_id`),
  KEY `user_liked_at_idx` (`liked_at`),
  CONSTRAINT `fk_user_liked_users` FOREIGN KEY (`liked_user_id`) REFERENCES `users` (`id`) ON DELETE CASCADE ON UPDATE CASCADE,
  CONSTRAINT `fk_user_likes_users` FOREIGN KEY (`user_id`) REFERENCES `users` (`id`) ON DELETE CASCADE ON UPDATE CASCADE
) ENGINE=InnoDB AUTO_INCREMENT=101 DEFAULT CHARSET=utf8mb4 COLLATE=utf8mb4_unicode_ci;
/*!40101 SET character_set_client = @saved_cs_client */;

--
-- Dumping data for table `user_likes`
--

LOCK TABLES `user_likes` WRITE;
/*!40000 ALTER TABLE `user_likes` DISABLE KEYS */;
INSERT INTO `user_likes` VALUES (1,1,'1980-03-20 06:58:45',1),(2,2,'1991-09-04 23:30:44',2),(3,3,'1995-04-19 06:51:27',3),(4,4,'2019-06-01 17:44:49',4),(5,5,'2012-09-14 04:40:20',5),(6,6,'2019-04-12 05:11:28',6),(7,7,'1991-06-01 09:33:38',7),(8,8,'2020-01-10 03:03:19',8),(9,9,'1990-12-08 20:08:10',9),(10,10,'1986-10-05 20:36:36',10),(11,11,'2012-05-10 10:51:10',11),(12,12,'2011-05-16 19:07:52',12),(13,13,'2005-10-28 05:10:20',13),(14,14,'2008-09-19 20:49:26',14),(15,15,'2020-02-19 04:22:18',15),(16,16,'1973-06-10 21:34:58',16),(17,17,'2012-05-04 14:16:29',17),(18,18,'1994-05-02 21:36:50',18),(19,19,'1977-02-10 23:38:56',19),(20,20,'1972-12-23 10:04:25',20),(21,21,'2006-05-10 15:58:01',21),(22,22,'1984-09-12 08:07:33',22),(23,23,'1979-02-21 04:28:54',23),(24,24,'1980-10-23 07:41:26',24),(25,25,'1994-03-11 14:24:38',25),(26,26,'2014-08-22 14:10:44',26),(27,27,'1999-09-06 07:03:42',27),(28,28,'2013-06-22 03:07:11',28),(29,29,'2020-06-08 21:37:24',29),(30,30,'2008-10-27 19:01:43',30),(31,31,'1974-01-21 14:36:35',31),(32,32,'2020-12-04 21:15:33',32),(33,33,'1983-03-15 15:36:17',33),(34,34,'1988-06-03 03:44:26',34),(35,35,'2000-08-04 07:55:55',35),(36,36,'1980-11-01 14:04:05',36),(37,37,'1984-08-03 13:12:58',37),(38,38,'1994-05-08 00:57:15',38),(39,39,'2002-11-30 13:44:51',39),(40,40,'1972-09-22 14:45:05',40),(41,41,'2003-11-17 20:07:19',41),(42,42,'2009-05-06 11:10:56',42),(43,43,'2003-12-07 22:07:53',43),(44,44,'1994-08-11 19:10:51',44),(45,45,'1970-02-09 08:47:47',45),(46,46,'2013-03-21 17:41:56',46),(47,47,'1981-12-08 11:42:11',47),(48,48,'1984-04-06 20:25:13',48),(49,49,'2004-03-07 02:16:06',49),(50,50,'1983-11-01 23:49:22',50),(51,51,'1980-10-23 22:21:41',51),(52,52,'1981-09-18 16:31:44',52),(53,53,'2010-10-31 16:47:08',53),(54,54,'1971-12-05 06:46:12',54),(55,55,'1979-06-04 10:13:08',55),(56,56,'2010-05-03 14:42:46',56),(57,57,'1991-06-27 08:35:16',57),(58,58,'1999-09-24 15:34:02',58),(59,59,'1974-06-18 14:28:51',59),(60,60,'1975-10-12 23:16:00',60),(61,61,'2016-04-18 23:20:55',61),(62,62,'2017-11-20 21:46:42',62),(63,63,'1979-03-16 22:50:29',63),(64,64,'2003-05-11 09:09:44',64),(65,65,'2010-08-21 04:18:00',65),(66,66,'2008-05-29 12:35:41',66),(67,67,'2009-11-05 18:47:54',67),(68,68,'1982-12-18 05:37:56',68),(69,69,'2014-08-05 07:07:03',69),(70,70,'1994-02-12 23:10:04',70),(71,71,'1998-04-24 10:45:34',71),(72,72,'2011-12-19 06:50:40',72),(73,73,'1983-11-20 23:04:37',73),(74,74,'1991-11-14 08:14:44',74),(75,75,'1999-06-08 14:53:59',75),(76,76,'2000-07-09 14:01:35',76),(77,77,'2020-10-05 05:54:08',77),(78,78,'1985-08-12 16:46:15',78),(79,79,'2011-09-13 19:47:09',79),(80,80,'1983-08-23 09:15:54',80),(81,81,'1990-01-30 03:21:54',81),(82,82,'2021-05-05 09:52:43',82),(83,83,'1986-07-14 08:07:36',83),(84,84,'2013-12-25 16:02:59',84),(85,85,'2015-08-04 16:43:07',85),(86,86,'1981-06-23 13:57:35',86),(87,87,'2012-04-11 13:23:54',87),(88,88,'1975-10-06 19:03:34',88),(89,89,'1999-06-04 22:22:01',89),(90,90,'1974-06-05 06:24:55',90),(91,91,'2000-05-27 05:20:33',91),(92,92,'2009-03-29 02:38:54',92),(93,93,'2013-07-26 05:27:24',93),(94,94,'1975-12-30 13:24:02',94),(95,95,'2003-01-21 07:02:14',95),(96,96,'2015-09-21 17:25:15',96),(97,97,'1990-11-23 17:58:42',97),(98,98,'1991-03-03 00:12:53',98),(99,99,'1979-11-11 19:45:47',99),(100,100,'1993-05-25 22:20:11',100);
/*!40000 ALTER TABLE `user_likes` ENABLE KEYS */;
UNLOCK TABLES;

--
-- Table structure for table `users`
--

DROP TABLE IF EXISTS `users`;
/*!40101 SET @saved_cs_client     = @@character_set_client */;
/*!50503 SET character_set_client = utf8mb4 */;
CREATE TABLE `users` (
  `id` bigint unsigned NOT NULL AUTO_INCREMENT,
  `firstname` varchar(50) CHARACTER SET utf8mb4 COLLATE utf8mb4_unicode_ci NOT NULL,
  `lastname` varchar(50) CHARACTER SET utf8mb4 COLLATE utf8mb4_unicode_ci NOT NULL COMMENT 'ФАМИЛИЯ',
  `email` varchar(120) CHARACTER SET utf8mb4 COLLATE utf8mb4_unicode_ci NOT NULL,
  `phone` char(11) CHARACTER SET utf8mb4 COLLATE utf8mb4_unicode_ci NOT NULL,
  `password_hash` char(65) CHARACTER SET utf8mb4 COLLATE utf8mb4_unicode_ci DEFAULT NULL,
  `created_at` datetime NOT NULL DEFAULT CURRENT_TIMESTAMP,
  PRIMARY KEY (`id`),
  UNIQUE KEY `email` (`email`),
  KEY `users_email_idx` (`email`),
  KEY `users_phone_idx` (`phone`)
) ENGINE=InnoDB AUTO_INCREMENT=101 DEFAULT CHARSET=utf8mb4 COLLATE=utf8mb4_unicode_ci;
/*!40101 SET character_set_client = @saved_cs_client */;

--
-- Dumping data for table `users`
--

LOCK TABLES `users` WRITE;
/*!40000 ALTER TABLE `users` DISABLE KEYS */;
INSERT INTO `users` VALUES (1,'Nicholas','Prosacco','jblock@example.com','(166)301-78','a8dd420c3fb7d73b642f301a304c0b58b4c41a4a','1979-10-06 18:51:45'),(2,'Zelda','Crist','jayne87@example.com','(971)122-40','5bfa30f6a88d98d61bf7c2ed45ab07852ebf15cb','1970-04-25 09:03:10'),(3,'Sigrid','Cartwright','anastasia05@example.com','(190)490-10','f60f7350f3a6c03d0352590f050517764005bf41','1996-02-08 02:08:11'),(4,'Jovany','Pouros','osinski.robin@example.com','811.904.411','964366eab905083af5eb2d3970ce3492b9e05ad5','2000-01-08 22:11:23'),(5,'Jack','Mosciski','clarabelle.bosco@example.net','02626604064','c8c973a3fe76a65ccfb66e094d57ae2138d18b61','1990-02-24 15:04:12'),(6,'Billy','Padberg','jones.libby@example.net','506-561-756','d1866594722fd2c5bf0f2f877df9c560f9306c32','1993-12-05 11:21:04'),(7,'Valerie','Morar','ernestine.bartoletti@example.org','(518)170-49','c6fd2250fe79852711ee9e6fb3460918509c6b0e','1973-06-24 18:09:47'),(8,'Norbert','Armstrong','clement98@example.com','421.984.822','bfcf9eaafae4c66e2903ec0b11bb65feb3200464','1977-07-07 09:18:58'),(9,'Roxane','Funk','rmckenzie@example.org','06324720013','0fdec05b4eb2b10a81fef439f27f60969d5ef97a','2014-02-11 15:48:17'),(10,'Marley','Goyette','xmiller@example.net','(837)539-52','f0ef08674b923e1bf4daeb913991e5e03ca520f4','1988-06-28 03:02:44'),(11,'Mikel','Torp','wisozk.layla@example.net','884.360.285','b4775edaefc8c8ff4a783196140ec05ad2ced8f2','1986-06-28 17:03:09'),(12,'Waino','Luettgen','estella.mosciski@example.org','859.285.176','693936c4354f2dc0583ef62e748b56c9352ad5f3','1993-01-09 05:24:40'),(13,'Ada','Mayer','ewaelchi@example.net','842.404.482','dd7b4c7c9de1b6ff5f215a7732d4789c4533c93e','1998-03-31 23:41:16'),(14,'Ara','Hansen','mazie68@example.com','(992)872-31','ddad3e4721a55efa8821a08c4cc71c3eb7d1efd0','2014-08-25 08:56:20'),(15,'Brenden','Upton','nayeli77@example.com','394-126-057','4759bb1483e1fc14038478c4b928e2cda53c8c32','2018-06-29 13:24:58'),(16,'Stevie','Gerhold','ena49@example.com','(839)519-79','db2f0a997fb480363d21566f21e8cd4248fb4a3a','2008-02-18 22:01:21'),(17,'Bo','Hickle','trantow.jaren@example.org','646.502.724','9362e625f3916ad8055431c33466df5ac21a8c5e','2018-02-05 09:34:22'),(18,'Rosalyn','Hand','eduardo48@example.com','04781338046','6e6fee8c02913b73a7b7ee2709278a5613c5c61c','1991-05-16 14:23:05'),(19,'Quentin','Barton','ustamm@example.com','392-430-582','d80077700472772ab71a86f9e90a33daadd8dc01','1981-12-13 03:36:44'),(20,'Adrianna','Kertzmann','collin35@example.net','+99(9)45074','8f390287a8af737bc57125f257ee88445477f767','2006-11-07 16:46:35'),(21,'Audrey','Schmeler','parisian.adrienne@example.org','483.309.684','19ff2c65c2cb4ceb6313c5d2c9442669494a2218','1980-10-25 04:49:20'),(22,'Macie','Muller','rlittel@example.net','(825)016-13','6eea592175df953daa96afea307fe4b8a237a6d5','1976-02-16 07:24:14'),(23,'Kiarra','Sanford','ppaucek@example.net','513-379-347','f2db71b3ed9be0caa586530b6fa63a873b3122b2','2005-03-27 22:35:50'),(24,'Helene','West','harber.dora@example.com','1-676-076-7','20986474e65fc2b78e13a2caf521ac9d909c30e6','1970-01-01 19:18:04'),(25,'Michel','Gerlach','crist.noemy@example.org','920.709.711','ecfd38bcd76be87081ddccf018bd4afb200a1704','1977-10-24 23:32:42'),(26,'Dominic','Pfeffer','ehegmann@example.net','06947318974','60a2fb5db25b0cdd5422e5d7e81fddccf4912e41','1983-07-10 23:35:22'),(27,'Lorenz','Brakus','delores.feest@example.com','(039)004-67','72c0cc2ab8b953401a76026a3dc7e779ebcd3af2','1988-07-19 08:14:57'),(28,'Laron','Schinner','wcrooks@example.com','094.462.232','fde2ae033b0ea3bd5b1ed54fe60efda17ff51ab6','1990-04-23 21:01:28'),(29,'Terrance','Stamm','jerel70@example.com','760.040.886','00bee041c83897bbd8872feeb18cf67394eeff64','1980-03-31 02:15:13'),(30,'Sheridan','Herman','miller.brad@example.net','796-936-285','86d633893f1c9fbd04398fa3e1b50de7d2380116','1982-06-15 00:36:58'),(31,'Alek','Walsh','jreichel@example.com','919.536.662','2c0519418d427c5f5f250dc8814c0c5b6371f6b2','1970-04-15 15:38:52'),(32,'Gregorio','Walsh','rferry@example.net','442-293-164','4a16f251b11415892153983ccf17783161d49ea5','1974-07-19 00:51:04'),(33,'Kelly','Hessel','rigoberto35@example.org','(029)419-21','bd5d6fcff7d3606766a0e3a71da759534d4e9c6f','1973-06-12 06:24:40'),(34,'Verlie','Barton','nedra.crooks@example.net','879-579-880','e67ceaf25eead7a144d1a60ad3f6fc352728c771','1976-12-23 11:08:51'),(35,'William','Gusikowski','chesley71@example.net','321-253-422','e106cfd8ab4529da065c16c4c39ad91f0e77f78e','1978-12-17 07:19:42'),(36,'Einar','Hansen','gladyce31@example.org','(195)670-57','14a4a7d12087c32372144d0510cd96e17c45b5d7','1983-12-24 22:11:38'),(37,'Clair','Stamm','bmorar@example.net','1-242-547-8','adb432cb31f0da50153202f9b6ccdfd2498f1025','1984-05-23 05:08:07'),(38,'Juanita','Kuvalis','lehner.martin@example.org','(961)236-27','f3bf0b66dbf800696cf7c58dc144bd46ccf15c56','2020-07-10 02:49:08'),(39,'Seth','Franecki','zelma.moen@example.com','+59(3)73579','09a6bf6b31056dcf566cb08a834a56d280543041','1970-10-25 17:45:38'),(40,'Ephraim','Bode','sauer.rosalind@example.org','103-776-762','47240aa7bbc28c174b8db514e0a3c1834e6ef76c','1978-05-11 07:08:28'),(41,'Tyrell','Lebsack','yasmeen.emard@example.org','556-557-938','b2f00304c5f5c1bfd472549a0d8838ead95922ae','1992-06-29 12:33:14'),(42,'Kristopher','Barrows','tomas81@example.net','415.496.234','083e946f6ea3167a0fb30263f639ade8e9c1500b','2002-06-29 19:48:10'),(43,'Wilfred','Goodwin','tyra.rosenbaum@example.org','04211337092','3688483f7064c173f1cebbbd65b211104834b753','2009-05-11 05:50:30'),(44,'Shana','Kerluke','akeem.leannon@example.net','040-717-580','660bea58164d1d30a320cda83ecefc9c86eba5c8','1997-03-04 19:12:53'),(45,'Emely','Kutch','jaskolski.albertha@example.net','972-352-949','3760b9bc8368a2e1b6ad93d002e916633fbaaa43','1997-10-28 07:00:18'),(46,'Mervin','Greenfelder','raphael.schamberger@example.net','665-967-811','837f3675a515be79749f61251bc39b45fb546a3a','1977-01-05 17:54:06'),(47,'Jenifer','Russel','rrau@example.net','680.977.525','1ce38394b64d7a235f141e8bb13db1c96962d31c','2008-07-18 01:15:28'),(48,'Edwina','Fritsch','jean.aufderhar@example.net','175-992-427','0b1c6aadf6730db73661279fa424355342a48730','1986-09-29 20:15:41'),(49,'Marianna','Marvin','juliana14@example.net','236-837-283','f19ea6600ad0c6101095d304f7093e722daea401','1982-10-24 09:53:08'),(50,'Weston','Ebert','chelsie.herman@example.net','900.434.610','6bd2e1c282f41cf8a7aa1cc15c4d7aaaa94df283','2013-06-16 12:08:50'),(51,'Elmore','Jenkins','aileen.white@example.com','(599)560-65','46cbfc07c2fee3fe70980809260e3560f0175f95','1970-06-15 05:45:35'),(52,'Yazmin','Wisozk','monserrate47@example.net','847-354-289','f39ee6c5728747828a8cedbf90bfeefeb2f7cf4a','2016-11-07 00:11:40'),(53,'Jennie','Gaylord','dare.ozella@example.com','(141)060-17','9af7ed6835dbf3c2bb96b1fa2251b99864171b3e','2019-09-28 22:25:06'),(54,'Odessa','Anderson','kris.brian@example.org','364-684-039','341624a90116904a0ab9797347338afa45aff74e','1973-07-11 19:33:36'),(55,'Monique','Collier','myrna99@example.org','904-856-692','d1d8d39aec20ce00e6ea1fc6cf5da4ddf378510d','1990-10-13 22:00:57'),(56,'Rosa','Schmidt','schneider.marjorie@example.net','+38(6)18113','6cfa90dfbad782ca716dec8eac256075acc104ad','2005-08-02 05:03:50'),(57,'George','Spencer','adah.ratke@example.com','(247)885-94','2b9071ee7a4eda92bdd78bb65d37a2851d2b8a41','1996-09-28 14:04:22'),(58,'Elwin','Hoeger','bailey34@example.net','1-133-191-0','f6a5cc12b068e6d4195928753e4e94fd97bb108b','1978-09-02 17:28:17'),(59,'Camden','Corkery','mya33@example.net','(033)181-22','8da8765a9cdeca15b1b0dcab9d4fa3982d862ea8','1974-06-28 09:15:04'),(60,'Avery','Harris','ottilie12@example.com','589-928-291','2b1a74fc7023075385a1081d6d76c1e4c34e0f31','2009-11-10 21:31:45'),(61,'Cooper','Morissette','dominique39@example.com','+56(6)78312','a99eec5d3331c0e17efbf7dbd26c44e3a62797f0','1995-02-01 13:23:53'),(62,'Harry','Crist','qkassulke@example.com','599-817-234','139550c73472a2cec70ddb6684fcc507dac02a99','2001-02-08 13:41:47'),(63,'Geoffrey','Cormier','adams.malcolm@example.net','543.358.460','dc805713f7bcd853d7e9294e937d636375a191eb','2005-10-30 17:39:30'),(64,'Reinhold','Conroy','darwin30@example.org','(711)506-73','a0494b02be40a0142381960a4b0ca136d09354c0','1984-05-04 06:13:03'),(65,'Ramona','Champlin','marcella41@example.org','(419)510-04','8e1c3f5bf5e82479771db0b93c5146b4dbdf8c66','1988-07-17 06:41:18'),(66,'Carrie','Ortiz','candida17@example.com','+34(0)87529','80c879b20dfc1503c0ed81db723634151a4d0d0c','2004-03-01 20:21:52'),(67,'Katrine','Stokes','flossie83@example.com','(722)634-05','cfe57066061caa14ec3013ca2341a15e743c7cc6','2021-03-27 08:31:11'),(68,'Adonis','Rau','stefanie.koss@example.net','651-888-676','03579eb7a309217b632736640c827b4a9726c335','2017-03-20 01:34:27'),(69,'Grayce','Bechtelar','crystal.pfannerstill@example.net','910.985.786','38b1abdd4d5483f1b544fd43c3725b74bf804f5b','1985-07-06 10:19:35'),(70,'Ryleigh','Witting','jade.bailey@example.net','09691109593','76ae52e97c2cb0a110a0e7b7b3f225d755d3bf53','2000-01-10 19:32:31'),(71,'Theron','D\'Amore','wbernhard@example.net','1-263-084-6','d23d12239c1c118150c2823f1b152b6c61dac6a6','1997-11-29 04:53:09'),(72,'Ludwig','Upton','jferry@example.net','1-525-994-0','0202556ef20c210c3e6fb569fa5a69bb3eb6cf80','2000-03-21 13:15:15'),(73,'Jordon','Smith','lucy01@example.net','(789)959-46','815367a9be1e7ce2dc299a15ef36a47cf03dfc48','2017-06-30 21:58:29'),(74,'Kailee','Leffler','ctowne@example.com','1-642-378-9','dd5f38f89438668de3df893436f33d7e1fc66eac','1993-09-30 18:10:30'),(75,'Carmelo','Herzog','tmuller@example.com','(914)644-03','84810d8380a48256810c5bf12835e09744f88722','1974-12-09 22:43:38'),(76,'Damion','Turner','lbosco@example.org','646.357.032','33923ccc3ee0a221d0fe5c3a197e9f6ad97f6a57','1994-10-06 23:31:16'),(77,'Mercedes','Daugherty','dbeier@example.org','1-971-811-3','717b941f03b143e6561e4b71f482a048acdb68a9','1970-10-29 07:53:33'),(78,'Johanna','Pfeffer','bethel54@example.com','1-728-975-2','66cff69f47c52c95de2a617c6170fce0351aa6db','1972-07-27 20:22:25'),(79,'Gay','Parker','scruickshank@example.net','1-433-485-5','af64e442ad92b5463619a723f4f8b716e8f1156b','1986-11-18 12:40:52'),(80,'Alysson','Rice','madaline.morar@example.org','1-564-888-8','48c4211ca4dcd142579a6e5cd7df26f1c067c10c','1990-04-27 13:13:09'),(81,'Mozelle','Carroll','gtoy@example.org','(632)943-11','6a96e6e162bd3e0e92e1600daf9f146489a20b27','2021-05-30 10:44:13'),(82,'Arvilla','Romaguera','ikoch@example.net','06718341014','b09ecc0234751567655f3f3c996e9e6182a37e0a','1982-05-23 12:20:04'),(83,'Rachael','Kozey','noel.stiedemann@example.net','1-251-869-7','ffbc834b3f779841c4020e70bc0f89fff490de0c','2004-11-07 08:48:51'),(84,'Elizabeth','White','jterry@example.com','03677813996','34b65ad8d3f5313f347d5a2f5cf0d9b288f23047','1976-12-10 18:42:00'),(85,'Sam','Bauch','pierce.bode@example.org','022.559.999','99d9eb5d21d77f44a296190be1bd998458df21dc','2007-01-09 17:44:21'),(86,'Roma','Bode','sonya01@example.org','010.628.931','0db4c14b54d34f7d9129b517566cecbdc91617c7','1982-03-01 03:45:58'),(87,'Ella','Armstrong','njaskolski@example.org','1-892-124-6','76fbd90f7075233242c1183efd951aec6fa10eff','1991-10-28 17:56:26'),(88,'Rodrigo','Kuvalis','volkman.elmore@example.org','1-256-110-8','1e1ca7419320c31b9f977459618604022db01c87','2016-07-06 13:07:16'),(89,'Benjamin','Lehner','nikko.labadie@example.com','380-291-455','a607c3fbd384e0ef9a9767849b1deb153f8c4e06','2002-02-01 21:12:49'),(90,'Trace','Lockman','sarina.lynch@example.org','(233)571-05','7bb34ff47996cb528345890cfb997ab492f53255','1999-12-09 20:19:48'),(91,'Elenora','Herzog','vpagac@example.org','459-565-630','7e1d74060d7368e05d949b9c50486535406febeb','1978-11-21 01:34:44'),(92,'Francesco','Breitenberg','kihn.humberto@example.com','014-784-604','357b7ba7687523e8c2e8b3b31121d8a23c17509a','1995-07-18 17:40:50'),(93,'Adelle','Pouros','johnson.henderson@example.net','+21(4)61733','d9a049a412d6fdda5a2fd832eef5b065d31cfd66','1979-01-12 18:35:00'),(94,'Elody','Franecki','mia21@example.com','+93(0)08849','9e4fa09f0c62bac81e83113cf61d285c61445994','1972-03-20 12:42:38'),(95,'Fabian','Simonis','richard.abshire@example.net','1-690-175-4','5b5cb04d5330cf8fd310f8d429dee3ed5f271ac2','2020-07-01 07:04:05'),(96,'Austyn','Kub','rolfson.damion@example.org','1-829-782-0','d453e2f49cf2ca0556efcf3dada9fccbfc70a41e','2021-02-28 03:05:54'),(97,'Robyn','Koelpin','arlene99@example.com','1-362-860-3','f6f1c3ee074c045695b6f4722ddc1f83e8b84e8a','1976-12-15 01:35:35'),(98,'Humberto','Turner','romaguera.justine@example.net','088.820.832','98b7dd1ef28fbf3597842d6b1c8b1841f75ecae5','1997-10-29 03:31:34'),(99,'Kallie','Zboncak','terry.giovanni@example.net','(772)097-61','41f67183f7deb684bb8bbe5c877c831d73634031','1991-09-25 20:20:41'),(100,'Jensen','Koelpin','jany.cremin@example.com','1-565-192-5','3248153c5286646ffd535de30c60156b7ca8d05c','1987-12-04 11:30:48');
/*!40000 ALTER TABLE `users` ENABLE KEYS */;
UNLOCK TABLES;
/*!40103 SET TIME_ZONE=@OLD_TIME_ZONE */;

/*!40101 SET SQL_MODE=@OLD_SQL_MODE */;
/*!40014 SET FOREIGN_KEY_CHECKS=@OLD_FOREIGN_KEY_CHECKS */;
/*!40014 SET UNIQUE_CHECKS=@OLD_UNIQUE_CHECKS */;
/*!40101 SET CHARACTER_SET_CLIENT=@OLD_CHARACTER_SET_CLIENT */;
/*!40101 SET CHARACTER_SET_RESULTS=@OLD_CHARACTER_SET_RESULTS */;
/*!40101 SET COLLATION_CONNECTION=@OLD_COLLATION_CONNECTION */;
/*!40111 SET SQL_NOTES=@OLD_SQL_NOTES */;

-- Dump completed on 2021-06-01 10:59:05
